Type_médaille,Date,Athlète,Sexe,Discipline,Épreuve,Pays,Code_pays,Points
Gold,2024-11-08,Akhmed TAZHUDINOV,H,Wrestling,Men's Freestyle 97kg,Bahrain,BRN,3
Silver,2024-09-08,Yeison LOPEZ,H,Weightlifting,Men's 89kg,Colombia,COL,2
Bronze,2024-06-08,Sky BROWN,F,Skateboarding,Women's Park,Great Britain,GBR,1
Gold,2024-09-08,Asadkhuja MUYDINKHUJAEV,H,Boxing,Men's 71kg,Uzbekistan,UZB,3
Gold,2024-10-08,Bakhodir JALOLOV,H,Boxing,Men's +92kg,Uzbekistan,UZB,3
Silver,2024-07-31,Miriam BUTKEREIT,F,Judo,Women -70 kg,Germany,GER,2
Gold,2024-07-08,Oleksandr KHYZHNIAK,H,Boxing,Men's 80kg,Ukraine,UKR,3
Bronze,2024-06-08,Buse CAVUSOGLU TOSUN,F,Wrestling,Women's Freestyle 68kg,Türkiye,TUR,1
Bronze,2024-04-08,Iryna GERASHCHENKO,F,Athletics,Women's High Jump,Ukraine,UKR,1
Silver,2024-07-29,Victor LINDGREN,H,Shooting,10m Air Rifle Men,Sweden,SWE,2
Gold,2024-08-08,Ulugbek RASHITOV,H,Taekwondo,Men -68kg,Uzbekistan,UZB,3
Gold,2024-05-08,AN Se Young,F,Badminton,Women's Singles,Korea,KOR,3
Gold,2024-09-08,VARFOLOMEEV Darja,F,Rhythmic Gymnastics,Individual All-Around,Germany,GER,3
Silver,2024-08-08,Weeraphon WICHUMA,H,Weightlifting,Men's 73kg,Thailand,THA,2
Gold,2024-09-08,Marileidy PAULINO,F,Athletics,Women's 400m,Dominican Republic,DOM,3
Bronze,2024-04-08,Harry HEPWORTH,H,Artistic Gymnastics,Men's Vault,Great Britain,GBR,1
Bronze,2024-04-08,Davlat BOLTAEV,H,Boxing,Men's 92kg,Tajikistan,TJK,1
Bronze,2024-08-08,LIANG Yushuai,H,Taekwondo,Men -68kg,China,CHN,1
Gold,2024-07-08,Roje STONA,H,Athletics,Men's Discus Throw,Jamaica,JAM,3
Silver,2024-08-08,WU Peng,H,Sport Climbing,Men's Speed,China,CHN,2
Bronze,2024-09-08,SONG Jiayuan,F,Athletics,Women's Shot Put,China,CHN,1
Bronze,2024-07-08,FENG Ziqi,F,Wrestling,Women's Freestyle 50kg,China,CHN,1
Silver,2024-09-08,NICKA,F,Breaking,B-Girls,Lithuania,LTU,2
Silver,2024-07-08,Nurbek ORALBAY,H,Boxing,Men's 80kg,Kazakhstan,KAZ,2
Bronze,2024-07-28,Mohamed ELSAYED,H,Fencing,Men's Épée Individual,Egypt,EGY,1
Bronze,2024-08-08,Caitlin PARKER,F,Boxing,Women's 75kg,Australia,AUS,1
Silver,2024-09-08,Isaquias QUEIROZ,H,Canoe Sprint,Men's Canoe Single 1000m,Brazil,BRA,2
Gold,2024-05-08,Rebeca ANDRADE,F,Artistic Gymnastics,Women's Floor Exercise,Brazil,BRA,3
Gold,2024-02-08,Beatriz SOUZA,F,Judo,Women +78 kg,Brazil,BRA,3
Bronze,2024-10-08,Georgia BELL,F,Athletics,Women's 1500m,Great Britain,GBR,1
Bronze,2024-03-08,Jade CAREY,F,Artistic Gymnastics,Women's Vault,United States,USA,1
Bronze,2024-03-08,Luuc van OPZEELAND,H,Sailing,Men's Windsurfing,Netherlands,NED,1
Gold,2024-11-08,Sifan HASSAN,F,Athletics,Women's Marathon,Netherlands,NED,3
Bronze,2024-06-08,RI Se Ung,H,Wrestling,Men's Greco-Roman 60kg,DPR Korea,PRK,1
Gold,2024-10-08,Janja GARNBRET,F,Sport Climbing,Women's Boulder & Lead,Slovenia,SLO,3
Bronze,2024-08-08,Hungary,F,Canoe Sprint,Women's Kayak Four 500m,Hungary,HUN,1
Bronze,2024-07-08,Italy,H,Cycling Track,Men's Team Pursuit,Italy,ITA,1
Gold,2024-02-08,China,H,Diving,Men's Synchronised 3m Springboard,China,CHN,3
Bronze,2024-07-29,United States,H,Artistic Gymnastics,Men's Team,United States,USA,1
Bronze,2024-11-08,Spain,H,Handball,Men,Spain,ESP,1
Bronze,2024-10-08,Denmark,F,Handball,Women,Denmark,DEN,1
Silver,2024-09-08,China,F,Hockey,Women,China,CHN,2
Bronze,2024-02-08,Switzerland,H,Rowing,Men's Pair,Switzerland,SUI,1
Silver,2024-07-27,Fiji,H,Rugby Sevens,Men,Fiji,FIJ,2
Silver,2024-05-08,United States,Mixte,Triathlon,Mixed Relay,United States,USA,2
Gold,2024-10-08,China,F,Table Tennis,Women's Team,China,CHN,3
Gold,2024-09-08,ANA PATRICIA/DUDA,F,Beach Volleyball,Women,Brazil,BRA,3
Silver,2024-11-08,United States,F,Volleyball,Women,United States,USA,2
Bronze,2024-06-08,Amin MIRZAZADEH,H,Wrestling,Men's Greco-Roman 130kg,IR Iran,IRI,1
Silver,2024-11-08,Elodie CLOUVEL,F,Modern Pentathlon,Women's Individual,France,FRA,2
Gold,2024-01-08,Giovanni de GENNARO,H,Canoe Slalom,Men's Kayak Single,Italy,ITA,3
Bronze,2024-07-30,Brazil,F,Artistic Gymnastics,Women's Team,Brazil,BRA,1
Gold,2024-04-08,LIU Yang,H,Artistic Gymnastics,Men's Rings,China,CHN,3
Silver,2024-06-08,Yasmani ACOSTA FERNANDEZ,H,Wrestling,Men's Greco-Roman 130kg,Chile,CHI,2
Silver,2024-07-29,XU Jiayu,H,Swimming,Men's 100m Backstroke,China,CHN,2
Gold,2024-07-31,PAN Zhanle,H,Swimming,Men's 100m Freestyle,China,CHN,3
Bronze,2024-08-08,Sam WATSON,H,Sport Climbing,Men's Speed,United States,USA,1
Silver,2024-05-08,Simone BILES,F,Artistic Gymnastics,Women's Floor Exercise,United States,USA,2
Gold,2024-06-08,Miltiadis TENTOGLOU,H,Athletics,Men's Long Jump,Greece,GRE,3
Silver,2024-10-08,Ronald KWEMOI,H,Athletics,Men's 5000m,Kenya,KEN,2
Silver,2024-08-08,Nahid KIYANICHANDEH,F,Taekwondo,Women -57kg,IR Iran,IRI,2
Silver,2024-07-29,Sara BALZER,F,Fencing,Women's Sabre Individual,France,FRA,2
Silver,2024-03-08,Leo NEUGEBAUER,H,Athletics,Men's Decathlon,Germany,GER,2
Bronze,2024-04-08,Gregoria Mariska TUNJUNG,F,Badminton,Women's Singles,Indonesia,INA,1
Bronze,2024-09-08,Aman AMAN,H,Wrestling,Men's Freestyle 57kg,India,IND,1
Silver,2024-05-08,Angel BARAJAS,H,Artistic Gymnastics,Men's Horizontal Bar,Colombia,COL,2
Bronze,2024-07-08,Muzala SAMUKONGA,H,Athletics,Men's 400m,Zambia,ZAM,1
Gold,2024-04-08,Francisca CROVETTO CHADID,F,Shooting,Skeet Women,Chile,CHI,3
Bronze,2024-07-27,KIM Woomin,H,Swimming,Men's 400m Freestyle,Korea,KOR,1
Bronze,2024-09-08,PUPP/FOJT,F,Canoe Sprint,Women's Kayak Double 500m,Hungary,HUN,1
Bronze,2024-07-29,Japan,Équipe,Equestrian,Eventing Team,Japan,JPN,1
Bronze,2024-02-08,France,Équipe,Equestrian,Jumping Team,France,FRA,1
Gold,2024-03-08,EBDEN/PEERS,H,Tennis,Men's Doubles,Australia,AUS,3
Gold,2024-05-08,Germany,Mixte,Triathlon,Mixed Relay,Germany,GER,3
Bronze,2024-08-08,Luis Alberto ORTA SANCHEZ,H,Wrestling,Men's Greco-Roman 67kg,Cuba,CUB,1
Silver,2024-10-08,Svetlana OSIPOVA,F,Taekwondo,Women +67kg,Uzbekistan,UZB,2
Silver,2024-07-29,Adam BURGESS,H,Canoe Slalom,Men's Canoe Single,Great Britain,GBR,2
Bronze,2024-09-08,671,F,Breaking,B-Girls,China,CHN,1
Gold,2024-07-28,XIE Yu,H,Shooting,10m Air Pistol Men,China,CHN,3
Gold,2024-08-08,LUO Shifang,F,Weightlifting,Women's 59kg,China,CHN,3
Gold,2024-01-08,YANG Jiayu,F,Athletics,Women's 20km Race Walk,China,CHN,3
Gold,2024-10-08,KITAGUCHI Haruka,F,Athletics,Women's Javelin Throw,Japan,JPN,3
Silver,2024-03-08,Nariman KURBANOV,H,Artistic Gymnastics,Men's Pommel Horse,Kazakhstan,KAZ,2
Silver,2024-01-08,Regan SMITH,F,Swimming,Women's 200m Butterfly,United States,USA,2
Gold,2024-10-08,MOTOKI Sakura,F,Wrestling,Women's Freestyle 62kg,Japan,JPN,3
Silver,2024-02-08,Sagen MADDALENA,F,Shooting,50m Rifle 3 Positions Women,United States,USA,2
Bronze,2024-04-08,Fred KERLEY,H,Athletics,Men's 100m,United States,USA,1
Bronze,2024-04-08,Eleftherios PETROUNIAS,H,Artistic Gymnastics,Men's Rings,Greece,GRE,1
Bronze,2024-03-08,Jasmine MOORE,F,Athletics,Women's Triple Jump,United States,USA,1
Bronze,2024-08-08,Skylar PARK,F,Taekwondo,Women -57kg,Canada,CAN,1
Bronze,2024-07-31,Ilya KHARUN,H,Swimming,Men's 200m Butterfly,Canada,CAN,1
Gold,2024-09-08,Harrie LAVREYSEN,H,Cycling Track,Men's Sprint,Netherlands,NED,3
Bronze,2024-07-29,Laura COLLETT,Équipe,Equestrian,Eventing Individual,Great Britain,GBR,1
Silver,2024-09-08,Loren Berto ALFONSO DOMINGUEZ,H,Boxing,Men's 92kg,Azerbaijan,AZE,2
Gold,2024-06-08,Camryn ROGERS,F,Athletics,Women's Hammer Throw,Canada,CAN,3
Bronze,2024-04-08,PANG Cholmi,F,Boxing,Women's 54kg,DPR Korea,PRK,1
Silver,2024-07-29,France,H,Archery,Men's Team,France,FRA,2
Bronze,2024-02-08,United States,Mixte,Archery,Mixed Team,United States,USA,1
Silver,2024-01-08,Italy,F,Fencing,Women's Foil Team,Italy,ITA,2
Gold,2024-04-08,United States,F,Swimming,Women's 4 x 100m Medley Relay,United States,USA,3
Silver,2024-10-08,Japan,F,Table Tennis,Women's Team,Japan,JPN,2
Bronze,2024-04-08,Lasha GURULI,H,Boxing,Men's 63.5kg,Georgia,GEO,1
Bronze,2024-07-28,Paolo MONNA,H,Shooting,10m Air Pistol Men,Italy,ITA,1
Gold,2024-05-08,Armand DUPLANTIS,H,Athletics,Men's Pole Vault,Sweden,SWE,3
Bronze,2024-11-08,Milaimy de la Carid. MARIN POTRILLE,F,Wrestling,Women's Freestyle 76kg,Cuba,CUB,1
Bronze,2024-03-08,WU Shih Yi,F,Boxing,Women's 60kg,Chinese Taipei,TPE,1
Bronze,2024-07-28,Amandine BUCHARD,F,Judo,Women -52 kg,France,FRA,1
Bronze,2024-07-31,Natalya DIEHM,F,Cycling BMX Freestyle,Women's Park,Australia,AUS,1
Gold,2024-07-27,Grace BROWN,F,Cycling Road,Women's Individual Time Trial,Australia,AUS,3
Gold,2024-05-08,Noemie FOX,F,Canoe Slalom,Women's Kayak Cross,Australia,AUS,3
Bronze,2024-04-08,MATSUYAMA Hideki,H,Golf,Men's Individual Stroke Play,Japan,JPN,1
Gold,2024-06-08,Gabrielle THOMAS,F,Athletics,Women's 200m,United States,USA,3
Bronze,2024-08-08,Femke BOL,F,Athletics,Women's 400m Hurdles,Netherlands,NED,1
Bronze,2024-07-08,COWLEY R/MONTAG J,Mixte,Athletics,Marathon Race Walk Relay Mixed,Australia,AUS,1
Bronze,2024-09-08,Netherlands,F,Cycling Track,Women's Madison,Netherlands,NED,1
Silver,2024-03-08,SUN Yingsha,F,Table Tennis,Women's Singles,China,CHN,2
Gold,2024-07-27,Remco EVENEPOEL,H,Cycling Road,Men's Individual Time Trial,Belgium,BEL,3
Gold,2024-07-08,PARK Taejoon,H,Taekwondo,Men -58kg,Korea,KOR,3
Gold,2024-10-08,Emmanuel WANYONYI,H,Athletics,Men's 800m,Kenya,KEN,3
Gold,2024-09-08,Beatrice CHEBET,F,Athletics,"Women's 10,000m",Kenya,KEN,3
Silver,2024-07-30,QI Ying,H,Shooting,Trap Men,China,CHN,2
Gold,2024-09-08,Olivia REEVES,F,Weightlifting,Women's 71kg,United States,USA,3
Silver,2024-07-28,Nic FINK,H,Swimming,Men's 100m Breaststroke,United States,USA,2
Bronze,2024-07-08,SUSAKI Yui,F,Wrestling,Women's Freestyle 50kg,Japan,JPN,1
Gold,2024-07-28,Jessica FOX,F,Canoe Slalom,Women's Kayak Single,Australia,AUS,3
Bronze,2024-07-08,Stefano PESCHIERA,H,Sailing,Men's Dinghy,Peru,PER,1
Gold,2024-07-30,Kaylee McKEOWN,F,Swimming,Women's 100m Backstroke,Australia,AUS,3
Silver,2024-09-08,Great Britain,F,Athletics,Women's 4 x 100m Relay,Great Britain,GBR,2
Gold,2024-11-08,United States,F,Basketball,Women,United States,USA,3
Gold,2024-09-08,XU/SUN,F,Canoe Sprint,Women's Canoe Double 500m,China,CHN,3
Gold,2024-10-08,Portugal,H,Cycling Track,Men's Madison,Portugal,POR,3
Bronze,2024-02-08,Czechia,H,Fencing,Men's Épée Team,Czechia,CZE,1
Gold,2024-02-08,Hungary,H,Fencing,Men's Épée Team,Hungary,HUN,3
Bronze,2024-01-08,New Zealand,F,Rowing,Women's Four,New Zealand,NZL,1
Silver,2024-08-08,MAJDALANI/BOSCO,Mixte,Sailing,Mixed Multihull,Argentina,ARG,2
Gold,2024-07-30,Great Britain,H,Swimming,Men's 4 x 200m Freestyle Relay,Great Britain,GBR,3
Silver,2024-07-30,United States,H,Swimming,Men's 4 x 200m Freestyle Relay,United States,USA,2
Silver,2024-01-08,United States,F,Swimming,Women's 4 x 200m Freestyle Relay,United States,USA,2
Bronze,2024-10-08,Korea,F,Table Tennis,Women's Team,Korea,KOR,1
Gold,2024-11-08,Italy,F,Volleyball,Women,Italy,ITA,3
Bronze,2024-09-08,Edi HRNIC,H,Taekwondo,Men -80kg,Denmark,DEN,1
Silver,2024-04-08,Artur DAVTYAN,H,Artistic Gymnastics,Men's Vault,Armenia,ARM,2
Gold,2024-07-31,Jose TORRES GIL,H,Cycling BMX Freestyle,Men's Park,Argentina,ARG,3
Gold,2024-07-31,DENG Yawen,F,Cycling BMX Freestyle,Women's Park,China,CHN,3
Silver,2024-04-08,Tommy FLEETWOOD,H,Golf,Men's Individual Stroke Play,Great Britain,GBR,2
Gold,2024-05-08,Keely HODGKINSON,F,Athletics,Women's 800m,Great Britain,GBR,3
Bronze,2024-02-08,Kylie MASSE,F,Swimming,Women's 200m Backstroke,Canada,CAN,1
Gold,2024-04-08,Ethan KATZBERG,H,Athletics,Men's Hammer Throw,Canada,CAN,3
Bronze,2024-07-08,Alysha NEWMAN,F,Athletics,Women's Pole Vault,Canada,CAN,1
Silver,2024-07-29,Great Britain,H,Diving,Men's Synchronised 10m Platform,Great Britain,GBR,2
Silver,2024-10-08,Brazil,F,Football,Women,Brazil,BRA,2
Silver,2024-07-30,Italy,F,Artistic Gymnastics,Women's Team,Italy,ITA,2
Bronze,2024-10-08,Italy,F,Rhythmic Gymnastics,Group All-Around,Italy,ITA,1
Silver,2024-05-08,United States 1,Mixte,Shooting,Skeet Mixed Team,United States,USA,2
Bronze,2024-04-08,BUCSA/SORRIBES TORMO,F,Tennis,Women's Doubles,Spain,ESP,1
Bronze,2024-05-08,Great Britain,Mixte,Triathlon,Mixed Relay,Great Britain,GBR,1
Silver,2024-06-08,Josh KERR,H,Athletics,Men's 1500m,Great Britain,GBR,2
Bronze,2024-07-28,Gusman KYRGYZBAYEV,H,Judo,Men -66 kg,Kazakhstan,KAZ,1
Gold,2024-10-08,Lydia KO,F,Golf,Women's Individual Stroke Play,New Zealand,NZL,3
Silver,2024-07-29,Christopher BURTON,Équipe,Equestrian,Eventing Individual,Australia,AUS,2
Bronze,2024-01-08,Patricia SAMPAIO,F,Judo,Women -78 kg,Portugal,POR,1
Bronze,2024-04-08,Arlen LOPEZ CARDONA,H,Boxing,Men's 80kg,Cuba,CUB,1
Bronze,2024-03-08,Lorenzo MUSETTI,H,Tennis,Men's Singles,Italy,ITA,1
Silver,2024-10-08,Adam VARGA,H,Canoe Sprint,Men's Kayak Single 1000m,Hungary,HUN,2
Gold,2024-06-08,Mijain LOPEZ NUNEZ,H,Wrestling,Men's Greco-Roman 130kg,Cuba,CUB,3
Silver,2024-05-08,Angele HUG,F,Canoe Slalom,Women's Kayak Cross,France,FRA,2
Bronze,2024-06-08,CHEN Nien Chin,F,Boxing,Women's 66kg,Chinese Taipei,TPE,1
Bronze,2024-07-27,Shirine BOUKLI,F,Judo,Women -48 kg,France,FRA,1
Bronze,2024-02-08,Romain MAHIEU,H,Cycling BMX Racing,Men,France,FRA,1
Silver,2024-05-08,Joseph CLARKE,H,Canoe Slalom,Men's Kayak Cross,Great Britain,GBR,2
Gold,2024-03-08,LIM Sihyeon,F,Archery,Women's Individual,Korea,KOR,3
Gold,2024-04-08,FAN Zhendong,H,Table Tennis,Men's Singles,China,CHN,3
Bronze,2024-07-29,HAUGHEY Siobhan Bernadette,F,Swimming,Women's 200m Freestyle,"Hong Kong, China",HKG,1
Gold,2024-01-08,Alice BELLANDI,F,Judo,Women -78 kg,Italy,ITA,3
Gold,2024-10-08,Hamish KERR,H,Athletics,Men's High Jump,New Zealand,NZL,3
Gold,2024-09-08,WU Yu,F,Boxing,Women's 50kg,China,CHN,3
Gold,2024-07-08,KUSAKA Nao,H,Wrestling,Men's Greco-Roman 77kg,Japan,JPN,3
Bronze,2024-04-08,Cristian Javier PINALES,H,Boxing,Men's 80kg,Dominican Republic,DOM,1
Bronze,2024-04-08,ZHANG Yufei,F,Swimming,Women's 50m Freestyle,China,CHN,1
Silver,2024-08-08,Kenneth BEDNAREK,H,Athletics,Men's 200m,United States,USA,2
Silver,2024-03-08,Joe KOVACS,H,Athletics,Men's Shot Put,United States,USA,2
Silver,2024-08-08,Hetty van de WOUW,F,Cycling Track,Women's Keirin,Netherlands,NED,2
Gold,2024-01-08,Zelym KOTSOIEV,H,Judo,Men -100 kg,Azerbaijan,AZE,3
Gold,2024-09-08,Canada,H,Athletics,Men's 4 x 100m Relay,Canada,CAN,3
Gold,2024-09-08,United States,F,Athletics,Women's 4 x 100m Relay,United States,USA,3
Silver,2024-04-08,LIANG/WANG,H,Badminton,Men's Doubles,China,CHN,2
Bronze,2024-08-08,Morocco,H,Football,Men,Morocco,MAR,1
Bronze,2024-07-31,Michaela POLLERES,F,Judo,Women -70 kg,Austria,AUT,1
Bronze,2024-10-08,Yauheni TSIKHANTSOU,H,Weightlifting,Men's 102kg,AIN,AIN,1
Bronze,2024-03-08,LEE Meng Yuan,H,Shooting,Skeet Men,Chinese Taipei,TPE,1
Bronze,2024-10-08,Taha AKGUL,H,Wrestling,Men's Freestyle 125kg,Türkiye,TUR,1
Gold,2024-09-08,Martin FUKSA,H,Canoe Sprint,Men's Canoe Single 1000m,Czechia,CZE,3
Silver,2024-03-08,Camille JEDRZEJEWSKI,F,Shooting,25m Pistol Women,France,FRA,2
Bronze,2024-07-31,Anthony JEANJEAN,H,Cycling BMX Freestyle,Men's Park,France,FRA,1
Silver,2024-03-08,Valentin MADOUAS,H,Cycling Road,Men's Road Race,France,FRA,2
Bronze,2024-07-08,Nelvie Raman TIAFACK,H,Boxing,Men's +92kg,Germany,GER,1
Bronze,2024-03-08,Emma WILSON,F,Sailing,Women's Windsurfing,Great Britain,GBR,1
Silver,2024-03-08,NAM Suhyeon,F,Archery,Women's Individual,Korea,KOR,2
Gold,2024-03-08,Oliver ZEIDLER,H,Rowing,Men's Single Sculls,Germany,GER,3
Bronze,2024-06-08,Faith CHEROTICH,F,Athletics,Women's 3000m Steeplechase,Kenya,KEN,1
Gold,2024-04-08,Jessica von BREDOW-WERNDL,Équipe,Equestrian,Dressage Individual,Germany,GER,3
Silver,2024-02-08,WANG Zisai,H,Trampoline Gymnastics,Men,China,CHN,2
Silver,2024-07-31,ZHANG Boheng,H,Artistic Gymnastics,Men's All-Around,China,CHN,2
Silver,2024-05-08,FENG Bin,F,Athletics,Women's Discus Throw,China,CHN,2
Gold,2024-09-08,Yemisi OGUNLEYE,F,Athletics,Women's Shot Put,Germany,GER,3
Gold,2024-06-08,Winfred YAVI,F,Athletics,Women's 3000m Steeplechase,Bahrain,BRN,3
Silver,2024-09-08,Maddison-Lee WESCHE,F,Athletics,Women's Shot Put,New Zealand,NZL,2
Bronze,2024-09-08,Kristina TEACHOUT,F,Taekwondo,Women -67kg,United States,USA,1
Gold,2024-07-27,Yeldos SMETOV,H,Judo,Men -60 kg,Kazakhstan,KAZ,3
Bronze,2024-07-29,Ryan MURPHY,H,Swimming,Men's 100m Backstroke,United States,USA,1
Gold,2024-11-08,Michelle GULYAS,F,Modern Pentathlon,Women's Individual,Hungary,HUN,3
Gold,2024-06-08,FUMITA Kenichiro,H,Wrestling,Men's Greco-Roman 60kg,Japan,JPN,3
Gold,2024-02-08,Saya SAKAKIBARA,F,Cycling BMX Racing,Women,Australia,AUS,3
Gold,2024-08-08,Veddriq LEONARDO,H,Sport Climbing,Men's Speed,Indonesia,INA,3
Silver,2024-03-08,Ariarne TITMUS,F,Swimming,Women's 800m Freestyle,Australia,AUS,2
Gold,2024-07-08,Sarah Ann HILDEBRANDT,F,Wrestling,Women's Freestyle 50kg,United States,USA,3
Gold,2024-10-08,Masai RUSSELL,F,Athletics,Women's 100m Hurdles,United States,USA,3
Bronze,2024-07-31,Penny SMITH,F,Shooting,Trap Women,Australia,AUS,1
Gold,2024-07-29,Hidayat HEYDAROV,H,Judo,Men -73 kg,Azerbaijan,AZE,3
Bronze,2024-07-29,Audrey GOGNIAT,F,Shooting,10m Air Rifle Women,Switzerland,SUI,1
Bronze,2024-07-08,Nesthy PETECIO,F,Boxing,Women's 57kg,Philippines,PHI,1
Bronze,2024-11-08,Magomedkhan MAGOMEDOV,H,Wrestling,Men's Freestyle 97kg,Azerbaijan,AZE,1
Gold,2024-10-08,United States,H,Basketball,Men,United States,USA,3
Gold,2024-07-29,China,H,Diving,Men's Synchronised 10m Platform,China,CHN,3
Bronze,2024-03-08,Great Britain,Équipe,Equestrian,Dressage Team,Great Britain,GBR,1
Silver,2024-10-08,Israel,F,Rhythmic Gymnastics,Group All-Around,Israel,ISR,2
Silver,2024-02-08,BOBECK/NETZLER,F,Sailing,Women's Skiff,Sweden,SWE,2
Gold,2024-07-30,Serbia,Mixte,Shooting,10m Air Pistol Mixed Team,Serbia,SRB,3
Silver,2024-07-08,United States,Équipe,Artistic Swimming,Team,United States,USA,2
Bronze,2024-09-08,France,H,Table Tennis,Men's Team,France,FRA,1
Silver,2024-11-08,Croatia,H,Water Polo,Men,Croatia,CRO,2
Gold,2024-10-08,Spain,F,Water Polo,Women,Spain,ESP,3
Gold,2024-08-08,Germany,H,Canoe Sprint,Men's Kayak Four 500m,Germany,GER,3
Bronze,2024-02-08,Great Britain,H,Diving,Men's Synchronised 3m Springboard,Great Britain,GBR,1
Bronze,2024-07-31,Great Britain,F,Diving,Women's Synchronised 10m Platform,Great Britain,GBR,1
Bronze,2024-07-27,Great Britain,F,Diving,Women's Synchronised 3m Springboard,Great Britain,GBR,1
Gold,2024-07-29,Great Britain,Équipe,Equestrian,Eventing Team,Great Britain,GBR,3
Silver,2024-04-08,Italy,H,Fencing,Men's Foil Team,Italy,ITA,2
Bronze,2024-07-30,Poland,F,Fencing,Women's Épée Team,Poland,POL,1
Gold,2024-08-08,Netherlands,H,Hockey,Men,Netherlands,NED,3
Gold,2024-01-08,Romania,H,Rowing,Men's Double Sculls,Romania,ROU,3
Gold,2024-03-08,Romania,F,Rowing,Women's Eight,Romania,ROU,3
Bronze,2024-07-27,South Africa,H,Rugby Sevens,Men,South Africa,RSA,1
Silver,2024-08-08,OKADA/YOSHIOKA,Mixte,Sailing,Mixed Dinghy,Japan,JPN,2
Gold,2024-08-08,TITA/BANTI,Mixte,Sailing,Mixed Multihull,Italy,ITA,3
Gold,2024-03-08,United States,Mixte,Swimming,Mixed 4 x 100m Medley Relay,United States,USA,3
Bronze,2024-10-08,Netherlands,F,Water Polo,Women,Netherlands,NED,1
Bronze,2024-07-29,FUNAKUBO Haruka,F,Judo,Women -57 kg,Japan,JPN,1
Bronze,2024-01-08,Jemima MONTAG,F,Athletics,Women's 20km Race Walk,Australia,AUS,1
Gold,2024-11-08,Jennifer VALENTE,F,Cycling Track,Women's Omnium,United States,USA,3
Bronze,2024-08-08,Edival PONTES,H,Taekwondo,Men -68kg,Brazil,BRA,1
Bronze,2024-07-30,Jean Pierre BROL CARDENAS,H,Shooting,Trap Men,Guatemala,GUA,1
Bronze,2024-10-08,Denmark,H,Cycling Track,Men's Madison,Denmark,DEN,1
Gold,2024-02-08,Joris DAUDET,H,Cycling BMX Racing,Men,France,FRA,3
Gold,2024-07-28,Pauline FERRAND PREVOT,F,Cycling Mountain Bike,Women's Cross-country,France,FRA,3
Bronze,2024-05-08,Kimberley WOODS,F,Canoe Slalom,Women's Kayak Cross,Great Britain,GBR,1
Bronze,2024-10-08,Benson KIPRUTO,H,Athletics,Men's Marathon,Kenya,KEN,1
Bronze,2024-06-08,Lewis RICHARDSON,H,Boxing,Men's 71kg,Great Britain,GBR,1
Silver,2024-08-08,Iuri LEITAO,H,Cycling Track,Men's Omnium,Portugal,POR,2
Gold,2024-11-08,KIYOOKA Kotaro,H,Wrestling,Men's Freestyle 65kg,Japan,JPN,3
Silver,2024-03-08,Rebeca ANDRADE,F,Artistic Gymnastics,Women's Vault,Brazil,BRA,2
Bronze,2024-08-08,Spain,H,Canoe Sprint,Men's Kayak Four 500m,Spain,ESP,1
Gold,2024-07-30,New Zealand,F,Rugby Sevens,Women,New Zealand,NZL,3
Silver,2024-09-08,Sweden,H,Table Tennis,Men's Team,Sweden,SWE,2
Silver,2024-10-08,Sara AHMED,F,Weightlifting,Women's 81kg,Egypt,EGY,2
Bronze,2024-08-08,KUO Hsing-Chun,F,Weightlifting,Women's 59kg,Chinese Taipei,TPE,1
Silver,2024-07-29,Matthew RICHARDS,H,Swimming,Men's 200m Freestyle,Great Britain,GBR,2
Silver,2024-07-31,Anastasiia KIRPICHNIKOVA,F,Swimming,Women's 1500m Freestyle,France,FRA,2
Gold,2024-03-08,Vincent HANCOCK,H,Shooting,Skeet Men,United States,USA,3
Bronze,2024-11-08,Ally WOLLASTON,F,Cycling Track,Women's Omnium,New Zealand,NZL,1
Bronze,2024-07-08,Mohamed Khalil JENDOUBI,H,Taekwondo,Men -58kg,Tunisia,TUN,1
Bronze,2024-02-08,Sophiane METHOT,F,Trampoline Gymnastics,Women,Canada,CAN,1
Bronze,2024-07-31,France,H,Fencing,Men's Sabre Team,France,FRA,1
Bronze,2024-01-08,Japan,F,Fencing,Women's Foil Team,Japan,JPN,1
Silver,2024-03-08,Korea,F,Fencing,Women's Sabre Team,Korea,KOR,2
Gold,2024-11-08,Denmark,H,Handball,Men,Denmark,DEN,3
Gold,2024-01-08,New Zealand,F,Rowing,Women's Double Sculls,New Zealand,NZL,3
Gold,2024-04-08,China,H,Swimming,Men's 4 x 100m Medley Relay,China,CHN,3
Silver,2024-03-08,China,Mixte,Swimming,Mixed 4 x 100m Medley Relay,China,CHN,2
Gold,2024-04-08,ERRANI/PAOLINI,F,Tennis,Women's Doubles,Italy,ITA,3
Bronze,2024-09-08,United States,H,Volleyball,Men,United States,USA,1
Gold,2024-07-08,Aleksandra MIROSLAW,F,Sport Climbing,Women's Speed,Poland,POL,3
Gold,2024-05-08,Viktor AXELSEN,H,Badminton,Men's Singles,Denmark,DEN,3
Bronze,2024-10-08,Gor MINASYAN,H,Weightlifting,Men's +102kg,Bahrain,BRN,1
Silver,2024-11-08,Rahman AMOUZADKHALILI,H,Wrestling,Men's Freestyle 65kg,IR Iran,IRI,2
Silver,2024-08-08,Billal BENNAMA,H,Boxing,Men's 51kg,France,FRA,2
Bronze,2024-01-08,MA Zhenzhao,F,Judo,Women -78 kg,China,CHN,1
Bronze,2024-07-30,Clarisse AGBEGNENOU,F,Judo,Women -63 kg,France,FRA,1
Silver,2024-11-08,PARK Hyejeong,F,Weightlifting,Women's +81kg,Korea,KOR,2
Bronze,2024-03-08,Christophe LAPORTE,H,Cycling Road,Men's Road Race,France,FRA,1
Silver,2024-10-08,Caden CUNNINGHAM,H,Taekwondo,Men +80kg,Great Britain,GBR,2
Silver,2024-07-08,Theerapong SILACHAI,H,Weightlifting,Men's 61kg,Thailand,THA,2
Silver,2024-06-08,HIRAKI Cocona,F,Skateboarding,Women's Park,Japan,JPN,2
Bronze,2024-02-08,Florent MANAUDOU,H,Swimming,Men's 50m Freestyle,France,FRA,1
Gold,2024-05-08,Beatrice CHEBET,F,Athletics,Women's 5000m,Kenya,KEN,3
Gold,2024-07-29,Manon APITHY-BRUNET,F,Fencing,Women's Sabre Individual,France,FRA,3
Silver,2024-04-08,Bence HALASZ,H,Athletics,Men's Hammer Throw,Hungary,HUN,2
Bronze,2024-07-08,Hampton MORRIS,H,Weightlifting,Men's 61kg,United States,USA,1
Silver,2024-06-08,CAO Liguo,H,Wrestling,Men's Greco-Roman 60kg,China,CHN,2
Bronze,2024-08-08,PANG Qianyu,F,Wrestling,Women's Freestyle 53kg,China,CHN,1
Bronze,2024-02-08,KIM Hayun,F,Judo,Women +78 kg,Korea,KOR,1
Gold,2024-04-08,Bobby FINKE,H,Swimming,Men's 1500m Freestyle,United States,USA,3
Bronze,2024-07-29,Luke HOBSON,H,Swimming,Men's 200m Freestyle,United States,USA,1
Silver,2024-02-08,Viyaleta BARDZILOUSKAYA,F,Trampoline Gymnastics,Women,AIN,AIN,2
Silver,2024-09-08,Pedro PICHARDO,H,Athletics,Men's Triple Jump,Portugal,POR,2
Gold,2024-07-08,Nina KENNEDY,F,Athletics,Women's Pole Vault,Australia,AUS,3
Silver,2024-10-08,Bashir ABDI,H,Athletics,Men's Marathon,Belgium,BEL,2
Silver,2024-03-08,Conner Lynn PRINCE,H,Shooting,Skeet Men,United States,USA,2
Bronze,2024-07-27,Eszter MUHARI,F,Fencing,Women's Épée Individual,Hungary,HUN,1
Gold,2024-09-08,Firas KATOUSSI,H,Taekwondo,Men -80kg,Tunisia,TUN,3
Gold,2024-07-28,Lee KIEFER,F,Fencing,Women's Foil Individual,United States,USA,3
Bronze,2024-07-28,Larissa PIMENTA,F,Judo,Women -52 kg,Brazil,BRA,1
Silver,2024-01-08,Apostolos CHRISTOU,H,Swimming,Men's 200m Backstroke,Greece,GRE,2
Bronze,2024-07-28,Mexico,F,Archery,Women's Team,Mexico,MEX,1
Silver,2024-10-08,Netherlands,F,Athletics,Women's 4 x 400m Relay,Netherlands,NED,2
Silver,2024-07-08,PINTADO B/MOREJON G,Mixte,Athletics,Marathon Race Walk Relay Mixed,Ecuador,ECU,2
Gold,2024-07-08,MARTIN A/PEREZ M,Mixte,Athletics,Marathon Race Walk Relay Mixed,Spain,ESP,3
Bronze,2024-02-08,WATANABE/HIGASHINO,Mixte,Badminton,Mixed Doubles,Japan,JPN,1
Gold,2024-05-08,Germany,F,3x3 Basketball,Women,Germany,GER,3
Gold,2024-09-08,CARRINGTON/HOSKIN,F,Canoe Sprint,Women's Kayak Double 500m,New Zealand,NZL,3
Silver,2024-07-27,United States,F,Diving,Women's Synchronised 3m Springboard,United States,USA,2
Silver,2024-09-08,France,H,Football,Men,France,FRA,2
Silver,2024-11-08,Germany,H,Handball,Men,Germany,GER,2
Gold,2024-10-08,Norway,F,Handball,Women,Norway,NOR,3
Bronze,2024-03-08,United States,H,Rowing,Men's Eight,United States,USA,1
Bronze,2024-02-08,Greece,H,Rowing,Lightweight Men's Double Sculls,Greece,GRE,1
Silver,2024-01-08,Netherlands,H,Rowing,Men's Double Sculls,Netherlands,NED,2
Silver,2024-02-08,Romania,F,Rowing,Women's Pair,Romania,ROU,2
Gold,2024-07-27,France,H,Rugby Sevens,Men,France,FRA,3
Gold,2024-07-08,China,Équipe,Artistic Swimming,Team,China,CHN,3
Bronze,2024-07-27,Italy,H,Swimming,Men's 4 x 100m Freestyle Relay,Italy,ITA,1
Silver,2024-04-08,United States,H,Swimming,Men's 4 x 100m Medley Relay,United States,USA,2
Gold,2024-07-27,Australia,F,Swimming,Women's 4 x 100m Freestyle Relay,Australia,AUS,3
Silver,2024-04-08,Australia,F,Swimming,Women's 4 x 100m Medley Relay,Australia,AUS,2
Gold,2024-07-29,David POPOVICI,H,Swimming,Men's 200m Freestyle,Romania,ROU,3
Silver,2024-10-08,Varazdat LALAYAN,H,Weightlifting,Men's +102kg,Armenia,ARM,2
Silver,2024-01-08,Ilia SULAMANIDZE,H,Judo,Men -100 kg,Georgia,GEO,2
Gold,2024-09-08,Magomed Eldarovitch RAMAZANOV,H,Wrestling,Men's Freestyle 86kg,Bulgaria,BUL,3
Bronze,2024-07-28,Denis VIERU,H,Judo,Men -66 kg,Republic of Moldova,MDA,1
Bronze,2024-04-08,Mykhaylo KOKHAN,H,Athletics,Men's Hammer Throw,Ukraine,UKR,1
Silver,2024-05-08,CHO Yeongjae,H,Shooting,25m Rapid Fire Pistol Men,Korea,KOR,2
Gold,2024-06-08,QUAN Hongchan,F,Diving,Women's 10m Platform,China,CHN,3
Bronze,2024-05-08,Gabriel MEDINA,H,Surfing,Men,Brazil,BRA,1
Bronze,2024-01-08,Sunisa LEE,F,Artistic Gymnastics,Women's All-Around,United States,USA,1
Gold,2024-08-08,Tara DAVIS-WOODHALL,F,Athletics,Women's Long Jump,United States,USA,3
Gold,2024-07-29,Summer McINTOSH,F,Swimming,Women's 400m Individual Medley,Canada,CAN,3
Gold,2024-01-08,Summer McINTOSH,F,Swimming,Women's 200m Butterfly,Canada,CAN,3
Silver,2024-07-31,DPR Korea,F,Diving,Women's Synchronised 10m Platform,DPR Korea,PRK,2
Bronze,2024-07-08,Mobina NEMATZADEH,F,Taekwondo,Women -49kg,IR Iran,IRI,1
Bronze,2024-08-08,Zhan BELENIUK,H,Wrestling,Men's Greco-Roman 87kg,Ukraine,UKR,1
Silver,2024-11-08,Givi MATCHARASHVILI,H,Wrestling,Men's Freestyle 97kg,Georgia,GEO,2
Bronze,2024-02-08,Temur RAKHIMOV,H,Judo,Men +100 kg,Tajikistan,TJK,1
Bronze,2024-10-08,Balint KOPASZ,H,Canoe Sprint,Men's Kayak Single 1000m,Hungary,HUN,1
Silver,2024-07-08,Sofiane OUMIHA,H,Boxing,Men's 63.5kg,France,FRA,2
Gold,2024-10-08,LIN Yu Ting,F,Boxing,Women's 57kg,Chinese Taipei,TPE,3
Bronze,2024-04-08,IM Aeji,F,Boxing,Women's 54kg,Korea,KOR,1
Silver,2024-07-28,KIM Yeji,F,Shooting,10m Air Pistol Women,Korea,KOR,2
Silver,2024-07-29,Victor KORETZKY,H,Cycling Mountain Bike,Men's Cross-country,France,FRA,2
Bronze,2024-03-08,Jake JARMAN,H,Artistic Gymnastics,Men's Floor Exercise,Great Britain,GBR,1
Gold,2024-07-28,Leon MARCHAND,H,Swimming,Men's 400m Individual Medley,France,FRA,3
Silver,2024-05-08,Faith KIPYEGON,F,Athletics,Women's 5000m,Kenya,KEN,2
Gold,2024-07-29,Thomas PIDCOCK,H,Cycling Mountain Bike,Men's Cross-country,Great Britain,GBR,3
Silver,2024-04-08,Gregorio PALTRINIERI,H,Swimming,Men's 1500m Freestyle,Italy,ITA,2
Gold,2024-01-08,Kate DOUGLASS,F,Swimming,Women's 200m Breaststroke,United States,USA,3
Silver,2024-07-27,Fares FERJANI,H,Fencing,Men's Sabre Individual,Tunisia,TUN,2
Gold,2024-07-29,Mollie O'CALLAGHAN,F,Swimming,Women's 200m Freestyle,Australia,AUS,3
Bronze,2024-08-08,Noah LYLES,H,Athletics,Men's 200m,United States,USA,1
Bronze,2024-03-08,Ilya KHARUN,H,Swimming,Men's 100m Butterfly,Canada,CAN,1
Silver,2024-10-08,Marco AROP,H,Athletics,Men's 800m,Canada,CAN,2
Silver,2024-04-08,Kishane THOMPSON,H,Athletics,Men's 100m,Jamaica,JAM,2
Bronze,2024-04-08,CHIA/SOH,H,Badminton,Men's Doubles,Malaysia,MAS,1
Gold,2024-02-08,Netherlands,F,Rowing,Women's Pair,Netherlands,NED,3
Bronze,2024-02-08,Greece,F,Rowing,Lightweight Women's Double Sculls,Greece,GRE,1
Gold,2024-02-08,AANHOLT/DUETZ,F,Sailing,Women's Skiff,Netherlands,NED,3
Bronze,2024-01-08,Swapnil KUSALE,H,Shooting,50m Rifle 3 Positions Men,India,IND,1
Bronze,2024-10-08,Giorgio MALAN,H,Modern Pentathlon,Men's Individual,Italy,ITA,1
Silver,2024-04-08,Carlos ALCARAZ,H,Tennis,Men's Singles,Spain,ESP,2
Gold,2024-08-08,Saeid ESMAEILI LEIVESI,H,Wrestling,Men's Greco-Roman 67kg,IR Iran,IRI,3
Silver,2024-09-08,Nadia BATTOCLETTI,F,Athletics,"Women's 10,000m",Italy,ITA,2
Bronze,2024-09-08,Jakob SCHUBERT,H,Sport Climbing,Men's Boulder & Lead,Austria,AUT,1
Silver,2024-09-08,ANRAKU Sorato,H,Sport Climbing,Men's Boulder & Lead,Japan,JPN,2
Bronze,2024-07-08,Cyrian RAVET,H,Taekwondo,Men -58kg,France,FRA,1
Bronze,2024-07-29,Olga KHARLAN,F,Fencing,Women's Sabre Individual,Ukraine,UKR,1
Gold,2024-07-31,Leon MARCHAND,H,Swimming,Men's 200m Breaststroke,France,FRA,3
Silver,2024-04-08,ZOU Jingyuan,H,Artistic Gymnastics,Men's Rings,China,CHN,2
Silver,2024-11-08,Matthew RICHARDSON,H,Cycling Track,Men's Keirin,Australia,AUS,2
Gold,2024-07-27,Ariarne TITMUS,F,Swimming,Women's 400m Freestyle,Australia,AUS,3
Gold,2024-02-08,Kaylee McKEOWN,F,Swimming,Women's 200m Backstroke,Australia,AUS,3
Silver,2024-06-08,Annette Nneka ECHIKUNWOKE,F,Athletics,Women's Hammer Throw,United States,USA,2
Gold,2024-07-29,Korea,H,Archery,Men's Team,Korea,KOR,3
Bronze,2024-09-08,MACKENZIE/VINCENT,F,Canoe Sprint,Women's Canoe Double 500m,Canada,CAN,1
Bronze,2024-09-08,Great Britain,H,Athletics,Men's 4 x 100m Relay,Great Britain,GBR,1
Bronze,2024-09-08,Germany,F,Athletics,Women's 4 x 100m Relay,Germany,GER,1
Bronze,2024-03-08,MATSUYAMA/SHIDA,F,Badminton,Women's Doubles,Japan,JPN,1
Silver,2024-05-08,France,H,3x3 Basketball,Men,France,FRA,2
Silver,2024-10-08,France,H,Basketball,Men,France,FRA,2
Gold,2024-07-08,Australia,H,Cycling Track,Men's Team Pursuit,Australia,AUS,3
Silver,2024-09-08,Great Britain,F,Cycling Track,Women's Madison,Great Britain,GBR,2
Gold,2024-09-08,Italy,F,Cycling Track,Women's Madison,Italy,ITA,3
Gold,2024-07-27,China,F,Diving,Women's Synchronised 3m Springboard,China,CHN,3
Silver,2024-07-29,France,Équipe,Equestrian,Eventing Team,France,FRA,2
Silver,2024-02-08,United States,Équipe,Equestrian,Jumping Team,United States,USA,2
Silver,2024-01-08,Great Britain,F,Rowing,Women's Four,Great Britain,GBR,2
Silver,2024-01-08,Romania,F,Rowing,Women's Double Sculls,Romania,ROU,2
Silver,2024-07-30,Türkiye 2,Mixte,Shooting,10m Air Pistol Mixed Team,Türkiye,TUR,2
Bronze,2024-05-08,China,Mixte,Shooting,Skeet Mixed Team,China,CHN,1
Silver,2024-07-30,RI/KIM,Mixte,Table Tennis,Mixed Doubles,DPR Korea,PRK,2
Bronze,2024-11-08,United States,H,Water Polo,Men,United States,USA,1
Silver,2024-02-08,Berihu AREGAWI,H,Athletics,"Men's 10,000m",Ethiopia,ETH,2
Gold,2024-07-31,Cassandre BEAUGRAND,F,Triathlon,Women's Individual,France,FRA,3
Silver,2024-06-08,Meerim ZHUMANAZAROVA,F,Wrestling,Women's Freestyle 68kg,Kyrgyzstan,KGZ,2
Silver,2024-07-08,Yusneylis GUZMAN LOPEZ,F,Wrestling,Women's Freestyle 50kg,Cuba,CUB,2
Silver,2024-02-08,Raz HERSHKO,F,Judo,Women +78 kg,Israel,ISR,2
Gold,2024-07-28,OH Ye Jin,F,Shooting,10m Air Pistol Women,Korea,KOR,3
Gold,2024-08-08,Benjamin THOMAS,H,Cycling Track,Men's Omnium,France,FRA,3
Gold,2024-07-27,TSUNODA Natsumi,F,Judo,Women -48 kg,Japan,JPN,3
Gold,2024-09-08,CHEN Yiwen,F,Diving,Women's 3m Springboard,China,CHN,3
Bronze,2024-04-08,LEE Wooseok,H,Archery,Men's Individual,Korea,KOR,1
Gold,2024-03-08,CHEN Meng,F,Table Tennis,Women's Singles,China,CHN,3
Bronze,2024-09-08,Simone ALESSIO,H,Taekwondo,Men -80kg,Italy,ITA,1
Bronze,2024-02-08,Iga SWIATEK,F,Tennis,Women's Singles,Poland,POL,1
Gold,2024-10-08,Ahmed ELGENDY,H,Modern Pentathlon,Men's Individual,Egypt,EGY,3
Silver,2024-07-29,Katie GRIMES,F,Swimming,Women's 400m Individual Medley,United States,USA,2
Gold,2024-09-08,SAKURAI Tsugumi,F,Wrestling,Women's Freestyle 57kg,Japan,JPN,3
Silver,2024-10-08,Jessica HULL,F,Athletics,Women's 1500m,Australia,AUS,2
Gold,2024-07-31,Jessica FOX,F,Canoe Slalom,Women's Canoe Single,Australia,AUS,3
Bronze,2024-11-08,Matthew GLAETZER,H,Cycling Track,Men's Keirin,Australia,AUS,1
Silver,2024-07-08,Tom SCHAAR,H,Skateboarding,Men's Park,United States,USA,2
Bronze,2024-04-08,Austen Jewell SMITH,F,Shooting,Skeet Women,United States,USA,1
Silver,2024-01-08,Tatjana SMITH,F,Swimming,Women's 200m Breaststroke,South Africa,RSA,2
Gold,2024-07-08,Marit BOUWMEESTER,F,Sailing,Women's Dinghy,Netherlands,NED,3
Silver,2024-06-08,Peruth CHEMUTAI,F,Athletics,Women's 3000m Steeplechase,Uganda,UGA,2
Bronze,2024-08-08,Alizadeh KIMIA,F,Taekwondo,Women -57kg,Bulgaria,BUL,1
Silver,2024-07-28,China,F,Archery,Women's Team,China,CHN,2
Gold,2024-02-08,Korea,Mixte,Archery,Mixed Team,Korea,KOR,3
Gold,2024-10-08,United States,F,Athletics,Women's 4 x 400m Relay,United States,USA,3
Silver,2024-08-08,Germany,F,Canoe Sprint,Women's Kayak Four 500m,Germany,GER,2
Gold,2024-03-08,France,Mixte,Judo,Mixed Team,France,FRA,3
Silver,2024-02-08,Great Britain,H,Rowing,Men's Pair,Great Britain,GBR,2
Bronze,2024-02-08,STEYAERT/PICON,F,Sailing,Women's Skiff,France,FRA,1
Bronze,2024-07-30,India 1,Mixte,Shooting,10m Air Pistol Mixed Team,India,IND,1
Gold,2024-10-08,China,F,Artistic Swimming,Duet,China,CHN,3
Bronze,2024-07-27,China,F,Swimming,Women's 4 x 100m Freestyle Relay,China,CHN,1
Bronze,2024-02-08,DABROWSKI/AUGER-ALIAS,Mixte,Tennis,Mixed Doubles,Canada,CAN,1
Bronze,2024-10-08,Brazil,F,Volleyball,Women,Brazil,BRA,1
Bronze,2024-07-31,David POPOVICI,H,Swimming,Men's 100m Freestyle,Romania,ROU,1
Silver,2024-07-30,Tato GRIGALASHVILI,H,Judo,Men -81 kg,Georgia,GEO,2
Bronze,2024-09-08,Serghei TARNOVSCHI,H,Canoe Sprint,Men's Canoe Single 1000m,Republic of Moldova,MDA,1
Silver,2024-09-08,Oliver KLEMET,H,Marathon Swimming,Men's 10km,Germany,GER,2
Silver,2024-10-08,Cyrena SAMBA-MAYELA,F,Athletics,Women's 100m Hurdles,France,FRA,2
Gold,2024-07-29,Michael JUNG,Équipe,Equestrian,Eventing Individual,Germany,GER,3
Gold,2024-05-08,OKA Shinnosuke,H,Artistic Gymnastics,Men's Horizontal Bar,Japan,JPN,3
Gold,2024-07-27,OH Sanguk,H,Fencing,Men's Sabre Individual,Korea,KOR,3
Gold,2024-07-29,Tatjana SMITH,F,Swimming,Women's 100m Breaststroke,South Africa,RSA,3
Silver,2024-03-08,Josh LIENDO,H,Swimming,Men's 100m Butterfly,Canada,CAN,2
Gold,2024-08-08,Sharon van ROUWENDAAL,F,Marathon Swimming,Women's 10km,Netherlands,NED,3
Bronze,2024-07-27,Francisco GARRIGOS,H,Judo,Men -60 kg,Spain,ESP,1
Bronze,2024-03-08,Rajindra CAMPBELL,H,Athletics,Men's Shot Put,Jamaica,JAM,1
Silver,2024-08-08,Alireza MOHMADIPIANI,H,Wrestling,Men's Greco-Roman 87kg,IR Iran,IRI,2
Bronze,2024-07-30,Laura FAZLIU,F,Judo,Women -63 kg,Kosovo,KOS,1
Gold,2024-09-08,THIAM Nafissatou,F,Athletics,Women's Heptathlon,Belgium,BEL,3
Silver,2024-01-08,Maria PEREZ,F,Athletics,Women's 20km Race Walk,Spain,ESP,2
Bronze,2024-11-08,Emma FINUCANE,F,Cycling Track,Women's Sprint,Great Britain,GBR,1
Bronze,2024-07-31,XIAO Ruoteng,H,Artistic Gymnastics,Men's All-Around,China,CHN,1
Silver,2024-05-08,Kunlavut VITIDSARN,H,Badminton,Men's Singles,Thailand,THA,2
Gold,2024-10-08,LI Qian,F,Boxing,Women's 75kg,China,CHN,3
Silver,2024-10-08,Ayoub GHADFA DRISSI EL AISSAOUI,H,Boxing,Men's +92kg,Spain,ESP,2
Bronze,2024-07-30,Katharine BERKOFF,F,Swimming,Women's 100m Backstroke,United States,USA,1
Bronze,2024-07-29,Emma WEYANT,F,Swimming,Women's 400m Individual Medley,United States,USA,1
Bronze,2024-10-08,Neisi Patricia DAJOMES BARRERA,F,Weightlifting,Women's 81kg,Ecuador,ECU,1
Bronze,2024-07-29,Alan HATHERLY,H,Cycling Mountain Bike,Men's Cross-country,South Africa,RSA,1
Gold,2024-10-08,Lisa CARRINGTON,F,Canoe Sprint,Women's Kayak Single 500m,New Zealand,NZL,3
Gold,2024-05-08,Finn BUTCHER,H,Canoe Slalom,Men's Kayak Cross,New Zealand,NZL,3
Gold,2024-07-08,Matt WEARN,H,Sailing,Men's Dinghy,Australia,AUS,3
Gold,2024-06-08,Arisa TREW,F,Skateboarding,Women's Park,Australia,AUS,3
Bronze,2024-07-28,Rayssa LEAL,F,Skateboarding,Women's Street,Brazil,BRA,1
Gold,2024-01-08,Simone BILES,F,Artistic Gymnastics,Women's All-Around,United States,USA,3
Gold,2024-04-08,Carlos Edriel YULO,H,Artistic Gymnastics,Men's Vault,Philippines,PHI,3
Silver,2024-05-08,Spain,F,3x3 Basketball,Women,Spain,ESP,2
Gold,2024-05-08,Great Britain,F,Cycling Track,Women's Team Sprint,Great Britain,GBR,3
Gold,2024-09-08,Spain,H,Football,Men,Spain,ESP,3
Bronze,2024-08-08,India,H,Hockey,Men,India,IND,1
Bronze,2024-01-08,Great Britain,H,Rowing,Men's Four,Great Britain,GBR,1
Gold,2024-05-08,Italy 1,Mixte,Shooting,Skeet Mixed Team,Italy,ITA,3
Bronze,2024-07-08,Spain,Équipe,Artistic Swimming,Team,Spain,ESP,1
Gold,2024-07-27,United States,H,Swimming,Men's 4 x 100m Freestyle Relay,United States,USA,3
Silver,2024-07-27,United States,F,Swimming,Women's 4 x 100m Freestyle Relay,United States,USA,2
Gold,2024-07-30,WANG/SUN,Mixte,Table Tennis,Mixed Doubles,China,CHN,3
Bronze,2024-09-08,HUBERLI/BRUNNER,F,Beach Volleyball,Women,Switzerland,SUI,1
Bronze,2024-07-28,Jenny RISSVEDS,F,Cycling Mountain Bike,Women's Cross-country,Sweden,SWE,1
Bronze,2024-06-08,Zholaman SHARSHENBEKOV,H,Wrestling,Men's Greco-Roman 60kg,Kyrgyzstan,KGZ,1
Bronze,2024-07-27,Tara BABULFATH,F,Judo,Women -48 kg,Sweden,SWE,1
Silver,2024-10-08,SATO Taishu,H,Modern Pentathlon,Men's Individual,Japan,JPN,2
Bronze,2024-01-08,Peter PALTCHIK,H,Judo,Men -100 kg,Israel,ISR,1
Silver,2024-07-08,Anne-Marie RINDOM,F,Sailing,Women's Dinghy,Denmark,DEN,2
Bronze,2024-09-08,VIDTS Noor,F,Athletics,Women's Heptathlon,Belgium,BEL,1
Gold,2024-10-08,Tamirat TOLA,H,Athletics,Men's Marathon,Ethiopia,ETH,3
Bronze,2024-09-08,David BETLEHEM,H,Marathon Swimming,Men's 10km,Hungary,HUN,1
Silver,2024-02-08,Benjamin PROUD,H,Swimming,Men's 50m Freestyle,Great Britain,GBR,2
Silver,2024-02-08,Duncan SCOTT,H,Swimming,Men's 200m Individual Medley,Great Britain,GBR,2
Gold,2024-07-31,Alex YEE,H,Triathlon,Men's Individual,Great Britain,GBR,3
Gold,2024-03-08,Thea LAFOND,F,Athletics,Women's Triple Jump,Dominica,DMA,3
Silver,2024-05-08,HE Bing Jiao,F,Badminton,Women's Singles,China,CHN,2
Silver,2024-07-08,DENG Lijuan,F,Sport Climbing,Women's Speed,China,CHN,2
Bronze,2024-05-08,Noah HEGGE,H,Canoe Slalom,Men's Kayak Cross,Germany,GER,1
Silver,2024-06-08,YANG Wenlu,F,Boxing,Women's 60kg,China,CHN,2
Silver,2024-07-30,Regan SMITH,F,Swimming,Women's 100m Backstroke,United States,USA,2
Silver,2024-07-29,TANG Qianting,F,Swimming,Women's 100m Breaststroke,China,CHN,2
Silver,2024-07-31,Zac STUBBLETY-COOK,H,Swimming,Men's 200m Breaststroke,Australia,AUS,2
Bronze,2024-03-08,Beatriz Iasmin SOARES FERREIRA,F,Boxing,Women's 60kg,Brazil,BRA,1
Silver,2024-10-08,Nevin HARRISON,F,Canoe Sprint,Women's Canoe Single 200m,United States,USA,2
Silver,2024-11-08,Kennedy Alexis BLADES,F,Wrestling,Women's Freestyle 76kg,United States,USA,2
Gold,2024-04-08,Noah LYLES,H,Athletics,Men's 100m,United States,USA,3
Silver,2024-08-08,Anna COCKRELL,F,Athletics,Women's 400m Hurdles,United States,USA,2
Bronze,2024-05-08,Emmanouil KARALIS,H,Athletics,Men's Pole Vault,Greece,GRE,1
Silver,2024-07-08,Katie MOON,F,Athletics,Women's Pole Vault,United States,USA,2
Bronze,2024-04-08,Charlotte FRY,Équipe,Equestrian,Dressage Individual,Great Britain,GBR,1
Silver,2024-07-31,Julie DERRON,F,Triathlon,Women's Individual,Switzerland,SUI,2
Bronze,2024-02-08,Alisher YUSUPOV,H,Judo,Men +100 kg,Uzbekistan,UZB,1
Gold,2024-04-08,Sarah SJOESTROEM,F,Swimming,Women's 50m Freestyle,Sweden,SWE,3
Bronze,2024-07-08,Line Flem HOEST,F,Sailing,Women's Dinghy,Norway,NOR,1
Silver,2024-01-08,Titouan CASTRYCK,H,Canoe Slalom,Men's Kayak Single,France,FRA,2
Bronze,2024-02-08,Romane DICKO,F,Judo,Women +78 kg,France,FRA,1
Bronze,2024-04-08,David de PINA,H,Boxing,Men's 51kg,Cabo Verde,CPV,1
Gold,2024-03-08,YANG Jiin,F,Shooting,25m Pistol Women,Korea,KOR,3
Gold,2024-10-08,Jakob INGEBRIGTSEN,H,Athletics,Men's 5000m,Norway,NOR,3
Silver,2024-06-08,CHEN Yuxi,F,Diving,Women's 10m Platform,China,CHN,2
Gold,2024-07-29,HORIGOME Yuto,H,Skateboarding,Men's Street,Japan,JPN,3
Silver,2024-03-08,Artem DOLGOPYAT,H,Artistic Gymnastics,Men's Floor Exercise,Israel,ISR,2
Gold,2024-07-08,HOU Zhihui,F,Weightlifting,Women's 49kg,China,CHN,3
Silver,2024-05-08,ZHOU Yaqin,F,Artistic Gymnastics,Women's Balance Beam,China,CHN,2
Silver,2024-07-08,Matthew HUDSON-SMITH,H,Athletics,Men's 400m,Great Britain,GBR,2
Gold,2024-01-08,Brian Daniel PINTADO,H,Athletics,Men's 20km Race Walk,Ecuador,ECU,3
Silver,2024-07-31,Torri HUSKE,F,Swimming,Women's 100m Freestyle,United States,USA,2
Bronze,2024-07-27,Katie LEDECKY,F,Swimming,Women's 400m Freestyle,United States,USA,1
Bronze,2024-04-08,Eleanor PATTERSON,F,Athletics,Women's High Jump,Australia,AUS,1
Silver,2024-04-08,Nicola OLYSLAGERS,F,Athletics,Women's High Jump,Australia,AUS,2
Bronze,2024-03-08,Viktorija SENKUTE,F,Rowing,Women's Single Sculls,Lithuania,LTU,1
Bronze,2024-01-08,ZHANG Yufei,F,Swimming,Women's 200m Butterfly,China,CHN,1
Bronze,2024-07-29,Nick ITKIN,H,Fencing,Men's Foil Individual,United States,USA,1
Gold,2024-04-08,Kristen FAULKNER,F,Cycling Road,Women's Road Race,United States,USA,3
Bronze,2024-04-08,Sunisa LEE,F,Artistic Gymnastics,Women's Uneven Bars,United States,USA,1
Bronze,2024-10-08,Djamel SEDJATI,H,Athletics,Men's 800m,Algeria,ALG,1
Gold,2024-03-08,Karolien FLORIJN,F,Rowing,Women's Single Sculls,Netherlands,NED,3
Gold,2024-02-08,Joshua CHEPTEGEI,H,Athletics,"Men's 10,000m",Uganda,UGA,3
Gold,2024-03-08,Carlos Edriel YULO,H,Artistic Gymnastics,Men's Floor Exercise,Philippines,PHI,3
Bronze,2024-08-08,CHOE Hyo Gyong,F,Wrestling,Women's Freestyle 53kg,DPR Korea,PRK,1
Silver,2024-08-08,Australia,H,Canoe Sprint,Men's Kayak Four 500m,Australia,AUS,2
Gold,2024-01-08,United States,F,Fencing,Women's Foil Team,United States,USA,3
Bronze,2024-03-08,Japan,F,Fencing,Women's Sabre Team,Japan,JPN,1
Gold,2024-10-08,People's Republic of China,F,Rhythmic Gymnastics,Group All-Around,China,CHN,3
Bronze,2024-03-08,Korea,Mixte,Judo,Mixed Team,Korea,KOR,1
Bronze,2024-08-08,DAHLBERG/KARLSSON,Mixte,Sailing,Mixed Dinghy,Sweden,SWE,1
Silver,2024-07-27,Korea 1,Mixte,Shooting,10m Air Rifle Mixed Team,Korea,KOR,2
Silver,2024-09-08,Mehran BARKHORDARI,H,Taekwondo,Men -80kg,IR Iran,IRI,2
Bronze,2024-07-29,Mona Mc SHARRY,F,Swimming,Women's 100m Breaststroke,Ireland,IRL,1
Bronze,2024-07-31,Leo BERGERE,H,Triathlon,Men's Individual,France,FRA,1
Bronze,2024-11-08,Emily CAMPBELL,F,Weightlifting,Women's +81kg,Great Britain,GBR,1
Bronze,2024-10-08,Jessica PILZ,F,Sport Climbing,Women's Boulder & Lead,Austria,AUT,1
Silver,2024-07-28,AKAMA Liz,F,Skateboarding,Women's Street,Japan,JPN,2
Bronze,2024-01-08,Alvaro MARTIN,H,Athletics,Men's 20km Race Walk,Spain,ESP,1
Silver,2024-07-31,Silvana Maria STANCO,F,Shooting,Trap Women,Italy,ITA,2
Silver,2024-09-08,Salwa Eid NASER,F,Athletics,Women's 400m,Bahrain,BRN,2
Silver,2024-07-27,Filippo GANNA,H,Cycling Road,Men's Individual Time Trial,Italy,ITA,2
Silver,2024-07-29,Filippo MACCHI,H,Fencing,Men's Foil Individual,Italy,ITA,2
Bronze,2024-08-08,Annelous LAMMERTS,F,Sailing,Women's Kite,Netherlands,NED,1
Bronze,2024-04-08,Wyatt SANFORD,H,Boxing,Men's 63.5kg,Canada,CAN,1
Gold,2024-09-08,SCHOPF/LEMKE,H,Canoe Sprint,Men's Kayak Double 500m,Germany,GER,3
Silver,2024-09-08,Marco Alonso VERDE ALVAREZ,H,Boxing,Men's 71kg,Mexico,MEX,2
Gold,2024-04-08,Kaylia NEMOUR,F,Artistic Gymnastics,Women's Uneven Bars,Algeria,ALG,3
Gold,2024-10-08,Abdumalik KHALOKOV,H,Boxing,Men's 57kg,Uzbekistan,UZB,3
Bronze,2024-10-08,Yarisleidis CIRILO DUBOYS,F,Canoe Sprint,Women's Canoe Single 200m,Cuba,CUB,1
Gold,2024-09-08,Valentin BONTUS,H,Sailing,Men's Kite,Austria,AUT,3
Silver,2024-10-08,Tamara CSIPES,F,Canoe Sprint,Women's Kayak Single 500m,Hungary,HUN,2
Bronze,2024-08-08,Anderson PETERS,H,Athletics,Men's Javelin Throw,Grenada,GRN,1
Bronze,2024-10-08,Grace Jacob BULLEN,F,Wrestling,Women's Freestyle 62kg,Norway,NOR,1
Bronze,2024-07-08,Djamili-Dini ABOUDOU MOINDZE,H,Boxing,Men's +92kg,France,FRA,1
Silver,2024-10-08,Iryna KOLIADENKO,F,Wrestling,Women's Freestyle 62kg,Ukraine,UKR,2
Gold,2024-01-08,Hubert KOS,H,Swimming,Men's 200m Backstroke,Hungary,HUN,3
Gold,2024-02-08,Leon MARCHAND,H,Swimming,Men's 200m Individual Medley,France,FRA,3
Silver,2024-07-31,Kieran Darren David REILLY,H,Cycling BMX Freestyle,Men's Park,Great Britain,GBR,2
Bronze,2024-05-08,WANG Xinjie,H,Shooting,25m Rapid Fire Pistol Men,China,CHN,1
Silver,2024-07-27,Baasankhuu BAVUUDORJ,F,Judo,Women -48 kg,Mongolia,MGL,2
Bronze,2024-09-08,RAFFAELI Sofia,F,Rhythmic Gymnastics,Individual All-Around,Italy,ITA,1
Silver,2024-07-30,Bobby FINKE,H,Swimming,Men's 800m Freestyle,United States,USA,2
Gold,2024-03-08,Katie LEDECKY,F,Swimming,Women's 800m Freestyle,United States,USA,3
Silver,2024-07-28,Lauren SCRUGGS,F,Fencing,Women's Foil Individual,United States,USA,2
Bronze,2024-09-08,Aaron Marquel BROOKS,H,Wrestling,Men's Freestyle 86kg,United States,USA,1
Silver,2024-09-08,Spencer Richard LEE,H,Wrestling,Men's Freestyle 57kg,United States,USA,2
Bronze,2024-06-08,Brittany BROWN,F,Athletics,Women's 200m,United States,USA,1
Gold,2024-03-08,Summer McINTOSH,F,Swimming,Women's 200m Individual Medley,Canada,CAN,3
Gold,2024-07-29,Japan,H,Artistic Gymnastics,Men's Team,Japan,JPN,3
Silver,2024-03-08,Japan,Mixte,Judo,Mixed Team,Japan,JPN,2
Bronze,2024-01-08,Great Britain,F,Rowing,Women's Double Sculls,Great Britain,GBR,1
Bronze,2024-07-31,Germany,F,Rowing,Women's Quadruple Sculls,Germany,GER,1
Silver,2024-02-08,McHARDIE/McKENZIE,H,Sailing,Men's Skiff,New Zealand,NZL,2
Bronze,2024-04-08,France,H,Swimming,Men's 4 x 100m Medley Relay,France,FRA,1
Gold,2024-01-08,Australia,F,Swimming,Women's 4 x 200m Freestyle Relay,Australia,AUS,3
Bronze,2024-08-08,Osmar OLVERA IBARRA,H,Diving,Men's 3m Springboard,Mexico,MEX,1
Bronze,2024-11-08,Tatiana RENTERIA RENTERIA,F,Wrestling,Women's Freestyle 76kg,Colombia,COL,1
Gold,2024-03-08,Julien ALFRED,F,Athletics,Women's 100m,Saint Lucia,LCA,3
Gold,2024-07-30,Daniel WIFFEN,H,Swimming,Men's 800m Freestyle,Ireland,IRL,3
Bronze,2024-07-29,Miran MARICIC,H,Shooting,10m Air Rifle Men,Croatia,CRO,1
Gold,2024-07-28,YOSHIZAWA Coco,F,Skateboarding,Women's Street,Japan,JPN,3
Silver,2024-07-08,Pavlos KONTIDES,H,Sailing,Men's Dinghy,Cyprus,CYP,2
Gold,2024-03-08,Tom REUVENY,H,Sailing,Men's Windsurfing,Israel,ISR,3
Silver,2024-03-08,Kate DOUGLASS,F,Swimming,Women's 200m Individual Medley,United States,USA,2
Silver,2024-06-08,Wayne PINNOCK,H,Athletics,Men's Long Jump,Jamaica,JAM,2
Silver,2024-07-27,Elijah WINNINGTON,H,Swimming,Men's 400m Freestyle,Australia,AUS,2
Gold,2024-07-30,Andreja LESKI,F,Judo,Women -63 kg,Slovenia,SLO,3
Bronze,2024-08-08,Hasrat JAFAROV,H,Wrestling,Men's Greco-Roman 67kg,Azerbaijan,AZE,1
Gold,2024-08-08,New Zealand,F,Canoe Sprint,Women's Kayak Four 500m,New Zealand,NZL,3
Bronze,2024-05-08,Germany,F,Cycling Track,Women's Team Sprint,Germany,GER,1
Gold,2024-07-31,Great Britain,F,Rowing,Women's Quadruple Sculls,Great Britain,GBR,3
Bronze,2024-07-29,Nyjah HUSTON,H,Skateboarding,Men's Street,United States,USA,1
Silver,2024-10-08,Brooke RABOUTOU,F,Sport Climbing,Women's Boulder & Lead,United States,USA,2
Silver,2024-01-08,Caio BONFIM,H,Athletics,Men's 20km Race Walk,Brazil,BRA,2
Gold,2024-11-08,Harrie LAVREYSEN,H,Cycling Track,Men's Keirin,Netherlands,NED,3
Bronze,2024-07-28,Eleanor HARVEY,F,Fencing,Women's Foil Individual,Canada,CAN,1
Bronze,2024-07-29,Türkiye,H,Archery,Men's Team,Türkiye,TUR,1
Bronze,2024-09-08,PASZEK/HAKE,F,Canoe Sprint,Women's Kayak Double 500m,Germany,GER,1
Bronze,2024-07-31,Isabel GOSE,F,Swimming,Women's 1500m Freestyle,Germany,GER,1
Bronze,2024-02-08,YAN Langyu,H,Trampoline Gymnastics,Men,China,CHN,1
Gold,2024-07-29,Thomas CECCON,H,Swimming,Men's 100m Backstroke,Italy,ITA,3
Bronze,2024-11-08,Hellen OBIRI,F,Athletics,Women's Marathon,Kenya,KEN,1
Silver,2024-02-08,Regan SMITH,F,Swimming,Women's 200m Backstroke,United States,USA,2
Gold,2024-01-08,Netherlands,F,Rowing,Women's Four,Netherlands,NED,3
Bronze,2024-02-08,BARROWS/HENKEN,H,Sailing,Men's Skiff,United States,USA,1
Silver,2024-10-08,EHLERS/WICKLER,H,Beach Volleyball,Men,Germany,GER,2
Bronze,2024-07-28,Manu BHAKER,F,Shooting,10m Air Pistol Women,India,IND,1
Silver,2024-09-08,Mari Leivis SANCHEZ,F,Weightlifting,Women's 71kg,Colombia,COL,2
Bronze,2024-10-08,Cheick Sallah CISSE,H,Taekwondo,Men +80kg,Côte d'Ivoire,CIV,1
Silver,2024-07-28,Distria KRASNIQI,F,Judo,Women -52 kg,Kosovo,KOS,2
Silver,2024-07-28,Federico Nilo MALDINI,H,Shooting,10m Air Pistol Men,Italy,ITA,2
Silver,2024-03-08,Donna VEKIC,F,Tennis,Women's Singles,Croatia,CRO,2
Bronze,2024-05-08,Manila ESPOSITO,F,Artistic Gymnastics,Women's Balance Beam,Italy,ITA,1
Silver,2024-08-08,Hatice AKBAS,F,Boxing,Women's 54kg,Türkiye,TUR,2
Bronze,2024-09-08,Antonino PIZZOLATO,H,Weightlifting,Men's 89kg,Italy,ITA,1
Bronze,2024-07-30,Somon MAKHMADBEKOV,H,Judo,Men -81 kg,Tajikistan,TJK,1
Gold,2024-08-08,Eleanor ALDRIDGE,F,Sailing,Women's Kite,Great Britain,GBR,3
Gold,2024-10-08,Faith KIPYEGON,F,Athletics,Women's 1500m,Kenya,KEN,3
Silver,2024-04-08,Isabell WERTH,Équipe,Equestrian,Dressage Individual,Germany,GER,2
Gold,2024-03-08,ZHENG Qinwen,F,Tennis,Women's Singles,China,CHN,3
Silver,2024-03-08,Sharon KANTOR,F,Sailing,Women's Windsurfing,Israel,ISR,2
Bronze,2024-05-08,Mary MORAA,F,Athletics,Women's 800m,Kenya,KEN,1
Gold,2024-07-08,Keegan PALMER,H,Skateboarding,Men's Park,Australia,AUS,3
Bronze,2024-10-08,VICTOR,H,Breaking,B-Boys,United States,USA,1
Silver,2024-08-08,Lucia Yamileth YEPEZ GUZMAN,F,Wrestling,Women's Freestyle 53kg,Ecuador,ECU,2
Bronze,2024-01-08,Roman MITYUKOV,H,Swimming,Men's 200m Backstroke,Switzerland,SUI,1
Bronze,2024-06-08,KIM Mi Rae,F,Diving,Women's 10m Platform,DPR Korea,PRK,1
Bronze,2024-10-08,Great Britain,H,Athletics,Men's 4 x 400m Relay,Great Britain,GBR,1
Gold,2024-10-08,United States,H,Athletics,Men's 4 x 400m Relay,United States,USA,3
Silver,2024-03-08,United States,Mixte,Athletics,4 x 400m Relay Mixed,United States,USA,2
Silver,2024-02-08,KIM/JEONG,Mixte,Badminton,Mixed Doubles,Korea,KOR,2
Silver,2024-07-08,Great Britain,H,Cycling Track,Men's Team Pursuit,Great Britain,GBR,2
Silver,2024-02-08,Mexico,H,Diving,Men's Synchronised 3m Springboard,Mexico,MEX,2
Gold,2024-10-08,United States,F,Football,Women,United States,USA,3
Silver,2024-07-31,Hungary,H,Fencing,Men's Sabre Team,Hungary,HUN,2
Silver,2024-10-08,France,F,Handball,Women,France,FRA,2
Silver,2024-08-08,Germany,H,Hockey,Men,Germany,GER,2
Bronze,2024-08-08,WILKINSON/DAWSON,Mixte,Sailing,Mixed Multihull,New Zealand,NZL,1
Silver,2024-10-08,Poland,H,Volleyball,Men,Poland,POL,2
Silver,2024-10-08,Australia,F,Water Polo,Women,Australia,AUS,2
Silver,2024-07-08,Mihaela Valentina CAMBEI,F,Weightlifting,Women's 49kg,Romania,ROU,2
Gold,2024-08-08,Hasanboy DUSMATOV,H,Boxing,Men's 51kg,Uzbekistan,UZB,3
Bronze,2024-11-08,Islam DUDAEV,H,Wrestling,Men's Freestyle 65kg,Albania,ALB,1
Silver,2024-08-08,Neeraj CHOPRA,H,Athletics,Men's Javelin Throw,India,IND,2
Gold,2024-07-08,Panipak WONGPATTANAKIT,F,Taekwondo,Women -49kg,Thailand,THA,3
Gold,2024-07-08,LI Fabin,H,Weightlifting,Men's 61kg,China,CHN,3
Bronze,2024-05-08,OKA Shinnosuke,H,Artistic Gymnastics,Men's Parallel Bars,Japan,JPN,1
Gold,2024-02-08,Cameron McEVOY,H,Swimming,Men's 50m Freestyle,Australia,AUS,3
Silver,2024-07-31,Perris BENEGAS,F,Cycling BMX Freestyle,Women's Park,United States,USA,2
Silver,2024-04-08,Marianne VOS,F,Cycling Road,Women's Road Race,Netherlands,NED,2
Bronze,2024-05-08,Sifan HASSAN,F,Athletics,Women's 5000m,Netherlands,NED,1
Silver,2024-09-08,LUZAN/RYBACHOK,F,Canoe Sprint,Women's Canoe Double 500m,Ukraine,UKR,2
Gold,2024-07-31,Korea,H,Fencing,Men's Sabre Team,Korea,KOR,3
Gold,2024-09-08,Netherlands,F,Hockey,Women,Netherlands,NED,3
Gold,2024-02-08,Great Britain,F,Rowing,Lightweight Women's Double Sculls,Great Britain,GBR,3
Bronze,2024-03-08,Australia,Mixte,Swimming,Mixed 4 x 100m Medley Relay,Australia,AUS,1
Gold,2024-09-08,China,H,Table Tennis,Men's Team,China,CHN,3
Gold,2024-10-08,France,H,Volleyball,Men,France,FRA,3
Silver,2024-01-08,Serhiy KULISH,H,Shooting,50m Rifle 3 Positions Men,Ukraine,UKR,2
Bronze,2024-08-08,Turpal Ali BISULTANOV,H,Wrestling,Men's Greco-Roman 87kg,Denmark,DEN,1
Bronze,2024-10-08,Nikola OGRODNIKOVA,F,Athletics,Women's Javelin Throw,Czechia,CZE,1
Gold,2024-03-08,Remco EVENEPOEL,H,Cycling Road,Men's Road Race,Belgium,BEL,3
Silver,2024-09-08,Toni VODISEK,H,Sailing,Men's Kite,Slovenia,SLO,2
Bronze,2024-05-08,United States,F,3x3 Basketball,Women,United States,USA,1
Gold,2024-08-08,LIU/JI,H,Canoe Sprint,Men's Canoe Double 500m,China,CHN,3
Gold,2024-07-31,China,F,Diving,Women's Synchronised 10m Platform,China,CHN,3
Bronze,2024-04-08,France,H,Fencing,Men's Foil Team,France,FRA,1
Bronze,2024-02-08,Australia,F,Rowing,Women's Pair,Australia,AUS,1
Gold,2024-10-08,Arian SALIMI,H,Taekwondo,Men +80kg,IR Iran,IRI,3
Silver,2024-03-08,Shanieka RICKETTS,F,Athletics,Women's Triple Jump,Jamaica,JAM,2
Bronze,2024-07-08,Esra YILDIZ KAHRAMAN,F,Boxing,Women's 57kg,Türkiye,TUR,1
Silver,2024-07-27,Luka MKHEIDZE,H,Judo,Men -60 kg,France,FRA,2
Silver,2024-07-29,Joan-Benjamin GABA,H,Judo,Men -73 kg,France,FRA,2
Gold,2024-07-28,ABE Hifumi,H,Judo,Men -66 kg,Japan,JPN,3
Bronze,2024-08-08,Rasheed BROADBELL,H,Athletics,Men's 110m Hurdles,Jamaica,JAM,1
Silver,2024-08-08,WANG Zongyuan,H,Diving,Men's 3m Springboard,China,CHN,2
Gold,2024-10-08,CAO Yuan,H,Diving,Men's 10m Platform,China,CHN,3
Bronze,2024-07-31,Beth POTTER,F,Triathlon,Women's Individual,Great Britain,GBR,1
Gold,2024-03-08,Kristof MILAK,H,Swimming,Men's 100m Butterfly,Hungary,HUN,3
Silver,2024-04-08,QIU Qiyuan,F,Artistic Gymnastics,Women's Uneven Bars,China,CHN,2
Silver,2024-08-08,Malaika MIHAMBO,F,Athletics,Women's Long Jump,Germany,GER,2
Bronze,2024-07-27,Luigi SAMELE,H,Fencing,Men's Sabre Individual,Italy,ITA,1
Bronze,2024-07-30,Gregorio PALTRINIERI,H,Swimming,Men's 800m Freestyle,Italy,ITA,1
Gold,2024-07-28,Nicolo MARTINENGHI,H,Swimming,Men's 100m Breaststroke,Italy,ITA,3
Gold,2024-07-31,Katie LEDECKY,F,Swimming,Women's 1500m Freestyle,United States,USA,3
Bronze,2024-09-08,Angie Paola PALACIOS DAJOMES,F,Weightlifting,Women's 71kg,Ecuador,ECU,1
Bronze,2024-02-08,WANG Shun,H,Swimming,Men's 200m Individual Medley,China,CHN,1
Silver,2024-07-29,Ariarne TITMUS,F,Swimming,Women's 200m Freestyle,Australia,AUS,2
Silver,2024-01-08,Rebeca ANDRADE,F,Artistic Gymnastics,Women's All-Around,Brazil,BRA,2
Bronze,2024-09-08,Helen Louise MAROULIS,F,Wrestling,Women's Freestyle 57kg,United States,USA,1
Bronze,2024-06-08,Omari JONES,H,Boxing,Men's 71kg,United States,USA,1
Bronze,2024-02-08,Grant FISHER,H,Athletics,"Men's 10,000m",United States,USA,1
Bronze,2024-07-31,Theodoros TSELIDIS,H,Judo,Men -90 kg,Greece,GRE,1
Silver,2024-10-08,Jo-Ane van DYK,F,Athletics,Women's Javelin Throw,South Africa,RSA,2
Silver,2024-09-08,South Africa,H,Athletics,Men's 4 x 100m Relay,South Africa,RSA,2
Gold,2024-03-08,Netherlands,Mixte,Athletics,4 x 400m Relay Mixed,Netherlands,NED,3
Bronze,2024-05-08,Lithuania,H,3x3 Basketball,Men,Lithuania,LTU,1
Silver,2024-10-08,Italy,H,Cycling Track,Men's Madison,Italy,ITA,2
Silver,2024-06-08,Great Britain,H,Cycling Track,Men's Team Sprint,Great Britain,GBR,2
Silver,2024-05-08,New Zealand,F,Cycling Track,Women's Team Sprint,New Zealand,NZL,2
Bronze,2024-09-08,Germany,F,Football,Women,Germany,GER,1
Silver,2024-07-29,China,H,Artistic Gymnastics,Men's Team,China,CHN,2
Silver,2024-01-08,New Zealand,H,Rowing,Men's Four,New Zealand,NZL,2
Silver,2024-02-08,Italy,H,Rowing,Lightweight Men's Double Sculls,Italy,ITA,2
Bronze,2024-07-30,United States,F,Rugby Sevens,Women,United States,USA,1
Gold,2024-07-27,China 1,Mixte,Shooting,10m Air Rifle Mixed Team,China,CHN,3
Bronze,2024-07-30,Australia,H,Swimming,Men's 4 x 200m Freestyle Relay,Australia,AUS,1
Gold,2024-11-08,Serbia,H,Water Polo,Men,Serbia,SRB,3
Bronze,2024-04-08,Daniel WIFFEN,H,Swimming,Men's 1500m Freestyle,Ireland,IRL,1
Gold,2024-03-08,Rhys MC CLENAGHAN,H,Artistic Gymnastics,Men's Pommel Horse,Ireland,IRL,3
Silver,2024-10-08,Akbar DJURAEV,H,Weightlifting,Men's 102kg,Uzbekistan,UZB,2
Gold,2024-10-08,Lasha TALAKHADZE,H,Weightlifting,Men's +102kg,Georgia,GEO,3
Gold,2024-07-08,Soufiane EL BAKKALI,H,Athletics,Men's 3000m Steeplechase,Morocco,MAR,3
Gold,2024-07-08,Erislandy ALVAREZ BORGES,H,Boxing,Men's 63.5kg,Cuba,CUB,3
Gold,2024-09-08,Lazizbek MULLOJONOV,H,Boxing,Men's 92kg,Uzbekistan,UZB,3
Gold,2024-10-08,Razambek Salambekovitch JAMALOV,H,Wrestling,Men's Freestyle 74kg,Uzbekistan,UZB,3
Silver,2024-04-08,Truls MOREGARD,H,Table Tennis,Men's Singles,Sweden,SWE,2
Bronze,2024-01-08,Muzaffarbek TUROBOYEV,H,Judo,Men -100 kg,Uzbekistan,UZB,1
Gold,2024-07-28,Diyora KELDIYOROVA,F,Judo,Women -52 kg,Uzbekistan,UZB,3
Gold,2024-05-08,Kauli VAAST,H,Surfing,Men,France,FRA,3
Bronze,2024-09-08,Natalia KACZMAREK,F,Athletics,Women's 400m,Poland,POL,1
Silver,2024-07-27,Anna HENDERSON,F,Cycling Road,Women's Individual Time Trial,Great Britain,GBR,2
Bronze,2024-10-08,LIN Xiyu Janet,F,Golf,Women's Individual Stroke Play,China,CHN,1
Silver,2024-07-29,HUANG Yuting,F,Shooting,10m Air Rifle Women,China,CHN,2
Bronze,2024-03-08,Paige MADDEN,F,Swimming,Women's 800m Freestyle,United States,USA,1
Silver,2024-08-08,Moesha JOHNSON,F,Marathon Swimming,Women's 10km,Australia,AUS,2
Silver,2024-04-08,Brady ELLISON,H,Archery,Men's Individual,United States,USA,2
Gold,2024-05-08,Valarie ALLMAN,F,Athletics,Women's Discus Throw,United States,USA,3
Silver,2024-07-28,MATSUSHITA Tomoyuki,H,Swimming,Men's 400m Individual Medley,Japan,JPN,2
Bronze,2024-02-08,Zoe CLAESSENS,F,Cycling BMX Racing,Women,Switzerland,SUI,1
Bronze,2024-09-08,van der WE/GREEN,H,Canoe Sprint,Men's Kayak Double 500m,Australia,AUS,1
Bronze,2024-07-29,Canada,H,Diving,Men's Synchronised 10m Platform,Canada,CAN,1
Silver,2024-02-08,Sylvain ANDRE,H,Cycling BMX Racing,Men,France,FRA,2
Bronze,2024-10-08,Rafael ALBA,H,Taekwondo,Men +80kg,Cuba,CUB,1
Silver,2024-07-28,Yannick BOREL,H,Fencing,Men's Épée Individual,France,FRA,2
Bronze,2024-05-08,ZHANG Boheng,H,Artistic Gymnastics,Men's Horizontal Bar,China,CHN,1
Bronze,2024-08-08,Ginevra TADDEUCCI,F,Marathon Swimming,Women's 10km,Italy,ITA,1
Bronze,2024-03-08,Hina HAYATA,F,Table Tennis,Women's Singles,Japan,JPN,1
Silver,2024-07-08,Demeu ZHADRAYEV,H,Wrestling,Men's Greco-Roman 77kg,Kazakhstan,KAZ,2
Gold,2024-10-08,PHIL WIZARD,H,Breaking,B-Boys,Canada,CAN,3
Bronze,2024-10-08,Grant FISHER,H,Athletics,Men's 5000m,United States,USA,1
Silver,2024-07-27,Summer McINTOSH,F,Swimming,Women's 400m Freestyle,Canada,CAN,2
Bronze,2024-03-08,Great Britain,Mixte,Athletics,4 x 400m Relay Mixed,Great Britain,GBR,1
Silver,2024-08-08,CASADEI/TACCHINI,H,Canoe Sprint,Men's Canoe Double 500m,Italy,ITA,2
Bronze,2024-06-08,Australia,H,Cycling Track,Men's Team Sprint,Australia,AUS,1
Gold,2024-04-08,Japan,H,Fencing,Men's Foil Team,Japan,JPN,3
Bronze,2024-07-27,Kazakhstan 1,Mixte,Shooting,10m Air Rifle Mixed Team,Kazakhstan,KAZ,1
Bronze,2024-04-08,China,F,Swimming,Women's 4 x 100m Medley Relay,China,CHN,1
Bronze,2024-07-08,Malkhas AMOYAN,H,Wrestling,Men's Greco-Roman 77kg,Armenia,ARM,1
Bronze,2024-09-08,Maximilian MAEDER,H,Sailing,Men's Kite,Singapore,SGP,1
Silver,2024-07-30,Prisca AWITI ALCARAZ,F,Judo,Women -63 kg,Mexico,MEX,2
Silver,2024-03-08,Yauheni ZALATY,H,Rowing,Men's Single Sculls,AIN,AIN,2
Gold,2024-09-08,Toby ROBERTS,H,Sport Climbing,Men's Boulder & Lead,Great Britain,GBR,3
Gold,2024-10-08,Geno PETRIASHVILI,H,Wrestling,Men's Freestyle 125kg,Georgia,GEO,3
Gold,2024-08-08,Semen Sergeevich NOVIKOV,H,Wrestling,Men's Greco-Roman 87kg,Bulgaria,BUL,3
Bronze,2024-10-08,Nafia KUS AYDIN,F,Taekwondo,Women +67kg,Türkiye,TUR,1
Gold,2024-04-08,Yaroslava MAHUCHIKH,F,Athletics,Women's High Jump,Ukraine,UKR,3
Gold,2024-09-08,Viviana MARTON,F,Taekwondo,Women -67kg,Hungary,HUN,3
Gold,2024-08-08,Arshad NADEEM,H,Athletics,Men's Javelin Throw,Pakistan,PAK,3
Silver,2024-10-08,Munarbek SEIITBEK UULU,H,Boxing,Men's 57kg,Kyrgyzstan,KGZ,2
Silver,2024-10-08,DANY DANN,H,Breaking,B-Boys,France,FRA,2
Gold,2024-07-29,Nicolas GESTIN,H,Canoe Slalom,Men's Canoe Single,France,FRA,3
Silver,2024-11-08,Lea FRIEDRICH,F,Cycling Track,Women's Sprint,Germany,GER,2
Silver,2024-10-08,TAMAI Rikuto,H,Diving,Men's 10m Platform,Japan,JPN,2
Silver,2024-10-08,Esther HENSELEIT,F,Golf,Women's Individual Stroke Play,Germany,GER,2
Gold,2024-07-28,KANO Koki,H,Fencing,Men's Épée Individual,Japan,JPN,3
Bronze,2024-10-08,Noah WILLIAMS,H,Diving,Men's 10m Platform,Great Britain,GBR,1
Gold,2024-08-08,XIE Siyi,H,Diving,Men's 3m Springboard,China,CHN,3
Bronze,2024-07-31,Gabriella WILLEMS,F,Judo,Women -70 kg,Belgium,BEL,1
Gold,2024-06-08,Christian KUKUK,Équipe,Equestrian,Jumping Individual,Germany,GER,3
Bronze,2024-06-08,MENG Lingzhe,H,Wrestling,Men's Greco-Roman 130kg,China,CHN,1
Gold,2024-07-28,Torri HUSKE,F,Swimming,Women's 100m Butterfly,United States,USA,3
Gold,2024-09-08,HIGUCHI Rei,H,Wrestling,Men's Freestyle 57kg,Japan,JPN,3
Bronze,2024-07-08,Matthew DENNY,H,Athletics,Men's Discus Throw,Australia,AUS,1
Gold,2024-06-08,Cole HOCKER,H,Athletics,Men's 1500m,United States,USA,3
Silver,2024-08-08,Zaid KAREEM,H,Taekwondo,Men -68kg,Jordan,JOR,2
Bronze,2024-05-08,Ana BARBOSU,F,Artistic Gymnastics,Women's Floor Exercise,Romania,ROU,1
Bronze,2024-06-08,Mattia FURLANI,H,Athletics,Men's Long Jump,Italy,ITA,1
Gold,2024-06-08,Kellie HARRINGTON,F,Boxing,Women's 60kg,Ireland,IRL,3
Bronze,2024-07-29,Sarah Leonie CYSIQUE,F,Judo,Women -57 kg,France,FRA,1
Gold,2024-10-08,Althea LAURIN,F,Taekwondo,Women +67kg,France,FRA,3
Bronze,2024-07-08,Surodchana KHAMBAO,F,Weightlifting,Women's 49kg,Thailand,THA,1
Gold,2024-07-31,Barbara MATIC,F,Judo,Women -70 kg,Croatia,CRO,3
Bronze,2024-04-08,Lotte KOPECKY,F,Cycling Road,Women's Road Race,Belgium,BEL,1
Gold,2024-08-08,KIM Yujin,F,Taekwondo,Women -57kg,Korea,KOR,3
Gold,2024-07-31,Leon MARCHAND,H,Swimming,Men's 200m Butterfly,France,FRA,3
Bronze,2024-05-08,Sandra ELKASEVIC,F,Athletics,Women's Discus Throw,Croatia,CRO,1
Silver,2024-07-28,Willian LIMA,H,Judo,Men -66 kg,Brazil,BRA,2
Gold,2024-06-08,Amit ELOR,F,Wrestling,Women's Freestyle 68kg,United States,USA,3
Gold,2024-04-08,Novak DJOKOVIC,H,Tennis,Men's Singles,Serbia,SRB,3
Gold,2024-03-08,Ryan CROUSER,H,Athletics,Men's Shot Put,United States,USA,3
Gold,2024-07-27,KONG Man Wai Vivian,F,Fencing,Women's Épée Individual,"Hong Kong, China",HKG,3
Bronze,2024-03-08,Simon van DORP,H,Rowing,Men's Single Sculls,Netherlands,NED,1
Silver,2024-08-08,Maude CHARRON,F,Weightlifting,Women's 59kg,Canada,CAN,2
Bronze,2024-07-31,Caspar CORBEAU,H,Swimming,Men's 200m Breaststroke,Netherlands,NED,1
Bronze,2024-10-08,Great Britain,F,Athletics,Women's 4 x 400m Relay,Great Britain,GBR,1
Silver,2024-03-08,LIU/TAN,F,Badminton,Women's Doubles,China,CHN,2
Bronze,2024-11-08,Australia,F,Basketball,Women,Australia,AUS,1
Silver,2024-11-08,France,F,Basketball,Women,France,FRA,2
Gold,2024-06-08,Netherlands,H,Cycling Track,Men's Team Sprint,Netherlands,NED,3
Gold,2024-03-08,Germany,Équipe,Equestrian,Dressage Team,Germany,GER,3
Silver,2024-02-08,Japan,H,Fencing,Men's Épée Team,Japan,JPN,2
Silver,2024-07-30,France,F,Fencing,Women's Épée Team,France,FRA,2
Bronze,2024-03-08,Brazil,Mixte,Judo,Mixed Team,Brazil,BRA,1
Gold,2024-03-08,Great Britain,H,Rowing,Men's Eight,Great Britain,GBR,3
Silver,2024-07-30,Canada,F,Rugby Sevens,Women,Canada,CAN,2
Bronze,2024-03-08,FRITZ/PAUL,H,Tennis,Men's Doubles,United States,USA,1
Silver,2024-03-08,KRAJICEK/RAM,H,Tennis,Men's Doubles,United States,USA,2
Silver,2024-09-08,MELISSA/BRANDIE,F,Beach Volleyball,Women,Canada,CAN,2
Bronze,2024-11-08,Sebastian C RIVERA,H,Wrestling,Men's Freestyle 65kg,Puerto Rico,PUR,1
Silver,2024-06-08,Julien ALFRED,F,Athletics,Women's 200m,Saint Lucia,LCA,2
Bronze,2024-11-08,Amirali AZARPIRA,H,Wrestling,Men's Freestyle 97kg,IR Iran,IRI,1
Silver,2024-08-08,Parviz NASIBOV,H,Wrestling,Men's Greco-Roman 67kg,Ukraine,UKR,2
Bronze,2024-09-08,Andy DIAZ HERNANDEZ,H,Athletics,Men's Triple Jump,Italy,ITA,1
Silver,2024-08-08,Lauriane NOLOT,F,Sailing,Women's Kite,France,FRA,2
Bronze,2024-10-08,Mutaz Essa BARSHIM,H,Athletics,Men's High Jump,Qatar,QAT,1
Silver,2024-09-08,Anastasia NICHITA,F,Wrestling,Women's Freestyle 57kg,Republic of Moldova,MDA,2
Gold,2024-07-31,Sarah SJOESTROEM,F,Swimming,Women's 100m Freestyle,Sweden,SWE,3
Bronze,2024-07-31,Maxime-Gael NGAYAP HAMBOU,H,Judo,Men -90 kg,France,FRA,1
Silver,2024-01-08,Inbar LANIR,F,Judo,Women -78 kg,Israel,ISR,2
Bronze,2024-04-08,Yunior ALCANTARA REYES,H,Boxing,Men's 51kg,Dominican Republic,DOM,1
Gold,2024-01-08,LIU Yukun,H,Shooting,50m Rifle 3 Positions Men,China,CHN,3
Gold,2024-11-08,LI Wenwen,F,Weightlifting,Women's +81kg,China,CHN,3
Silver,2024-07-28,Gretchen WALSH,F,Swimming,Women's 100m Butterfly,United States,USA,2
Silver,2024-10-08,TAKATANI Daichi,H,Wrestling,Men's Freestyle 74kg,Japan,JPN,2
Silver,2024-07-31,Kyle CHALMERS,H,Swimming,Men's 100m Freestyle,Australia,AUS,2
Silver,2024-09-08,Aleksandra PERISIC,F,Taekwondo,Women -67kg,Serbia,SRB,2
Bronze,2024-03-08,Melissa JEFFERSON,F,Athletics,Women's 100m,United States,USA,1
Silver,2024-10-08,Atheyna Bibeichi BYLON,F,Boxing,Women's 75kg,Panama,PAN,2
Silver,2024-02-08,Germany,Mixte,Archery,Mixed Team,Germany,GER,2
Gold,2024-03-08,CHEN/JIA,F,Badminton,Women's Doubles,China,CHN,3
Silver,2024-03-08,Denmark,Équipe,Equestrian,Dressage Team,Denmark,DEN,2
Silver,2024-05-08,Tsige DUGUMA,F,Athletics,Women's 800m,Ethiopia,ETH,2
Silver,2024-09-08,Matthew RICHARDSON,H,Cycling Track,Men's Sprint,Australia,AUS,2
Gold,2024-05-08,Caroline MARKS,F,Surfing,Women,United States,USA,3
Silver,2024-07-08,Gashim MAGOMEDOV,H,Taekwondo,Men -58kg,Azerbaijan,AZE,2
Bronze,2024-01-08,Pau ECHANIZ,H,Canoe Slalom,Men's Kayak Single,Spain,ESP,1
Gold,2024-09-08,Rai BENJAMIN,H,Athletics,Men's 400m Hurdles,United States,USA,3
Silver,2024-08-08,Daniel ROBERTS,H,Athletics,Men's 110m Hurdles,United States,USA,2
Bronze,2024-06-08,Yared NUGUSE,H,Athletics,Men's 1500m,United States,USA,1
Bronze,2024-01-08,Tes SCHOUTEN,F,Swimming,Women's 200m Breaststroke,Netherlands,NED,1
Bronze,2024-10-08,Jasmine CAMACHO-QUINN,F,Athletics,Women's 100m Hurdles,Puerto Rico,PUR,1
Gold,2024-05-08,Alice D'AMATO,F,Artistic Gymnastics,Women's Balance Beam,Italy,ITA,3
Silver,2024-11-08,Daria PIKULIK,F,Cycling Track,Women's Omnium,Poland,POL,2
Gold,2024-02-08,Teddy RINER,H,Judo,Men +100 kg,France,FRA,3
Bronze,2024-10-08,Emma Aastrand JORGENSEN,F,Canoe Sprint,Women's Kayak Single 500m,Denmark,DEN,1
Gold,2024-07-30,NAGASE Takanori,H,Judo,Men -81 kg,Japan,JPN,3
Silver,2024-07-29,Jagger EATON,H,Skateboarding,Men's Street,United States,USA,2
Silver,2024-05-08,Jack ROBINSON,H,Surfing,Men,Australia,AUS,2
Gold,2024-07-31,Adriana RUANO OLIVA,F,Shooting,Trap Women,Guatemala,GUA,3
Bronze,2024-09-08,Gulomjon ABDULLAEV,H,Wrestling,Men's Freestyle 57kg,Uzbekistan,UZB,1
Bronze,2024-07-29,Adil OSMANOV,H,Judo,Men -73 kg,Republic of Moldova,MDA,1
Silver,2024-09-08,Buse Naz CAKIROGLU,F,Boxing,Women's 50kg,Türkiye,TUR,2
Bronze,2024-07-08,Lena STOJKOVIC,F,Taekwondo,Women -49kg,Croatia,CRO,1
Silver,2024-09-08,Karsten WARHOLM,H,Athletics,Men's 400m Hurdles,Norway,NOR,2
Bronze,2024-07-28,Kimberley WOODS,F,Canoe Slalom,Women's Kayak Single,Great Britain,GBR,1
Bronze,2024-07-29,HASHIMOTO Soichi,H,Judo,Men -73 kg,Japan,JPN,1
Silver,2024-07-31,MURAO Sanshiro,H,Judo,Men -90 kg,Japan,JPN,2
Bronze,2024-06-08,Janjaem SUWANNAPHENG,F,Boxing,Women's 66kg,Thailand,THA,1
Bronze,2024-03-08,Veronika MAJOR,F,Shooting,25m Pistol Women,Hungary,HUN,1
Bronze,2024-10-08,Aisuluu TYNYBEKOVA,F,Wrestling,Women's Freestyle 62kg,Kyrgyzstan,KGZ,1
Bronze,2024-10-08,LEE Dabin,F,Taekwondo,Women +67kg,Korea,KOR,1
Gold,2024-07-30,Nathan HALES,H,Shooting,Trap Men,Great Britain,GBR,3
Gold,2024-07-27,Lukas MAERTENS,H,Swimming,Men's 400m Freestyle,Germany,GER,3
Bronze,2024-07-08,Abraham KIBIWOT,H,Athletics,Men's 3000m Steeplechase,Kenya,KEN,1
Bronze,2024-08-08,Emma FINUCANE,F,Cycling Track,Women's Keirin,Great Britain,GBR,1
Silver,2024-07-31,Elena LILIK,F,Canoe Slalom,Women's Canoe Single,Germany,GER,2
Gold,2024-05-08,ZOU Jingyuan,H,Artistic Gymnastics,Men's Parallel Bars,China,CHN,3
Gold,2024-07-31,OKA Shinnosuke,H,Artistic Gymnastics,Men's All-Around,Japan,JPN,3
Silver,2024-07-08,Mykolas ALEKNA,H,Athletics,Men's Discus Throw,Lithuania,LTU,2
Bronze,2024-07-30,LEE Joonhwan,H,Judo,Men -81 kg,Korea,KOR,1
Gold,2024-08-08,FUJINAMI Akari,F,Wrestling,Women's Freestyle 53kg,Japan,JPN,3
Gold,2024-08-08,Ellesse ANDREWS,F,Cycling Track,Women's Keirin,New Zealand,NZL,3
Bronze,2024-10-08,Kyle Douglas DAKE,H,Wrestling,Men's Freestyle 74kg,United States,USA,1
Silver,2024-07-28,Adam PEATY,H,Swimming,Men's 100m Breaststroke,Great Britain,GBR,2
Gold,2024-03-08,Simone BILES,F,Artistic Gymnastics,Women's Vault,United States,USA,3
Bronze,2024-07-29,Matej BENUS,H,Canoe Slalom,Men's Canoe Single,Slovakia,SVK,1
Bronze,2024-09-08,Dauren KURUGLIEV,H,Wrestling,Men's Freestyle 86kg,Greece,GRE,1
Bronze,2024-09-08,Sifan HASSAN,F,Athletics,"Women's 10,000m",Netherlands,NED,1
Silver,2024-09-08,JOHNSON-THOMPSON Katarina,F,Athletics,Women's Heptathlon,Great Britain,GBR,2
Gold,2024-07-28,Korea,F,Archery,Women's Team,Korea,KOR,3
Gold,2024-05-08,Netherlands,H,3x3 Basketball,Men,Netherlands,NED,3
Gold,2024-03-08,Ukraine,F,Fencing,Women's Sabre Team,Ukraine,UKR,3
Gold,2024-02-08,Croatia,H,Rowing,Men's Pair,Croatia,CRO,3
Bronze,2024-01-08,Ireland,H,Rowing,Men's Double Sculls,Ireland,IRL,1
Silver,2024-07-31,Netherlands,F,Rowing,Women's Quadruple Sculls,Netherlands,NED,2
Gold,2024-02-08,BOTIN/TRITTEL,H,Sailing,Men's Skiff,Spain,ESP,3
Bronze,2024-10-08,Netherlands,F,Artistic Swimming,Duet,Netherlands,NED,1
Silver,2024-07-27,Australia,H,Swimming,Men's 4 x 100m Freestyle Relay,Australia,AUS,2
Bronze,2024-01-08,China,F,Swimming,Women's 4 x 200m Freestyle Relay,China,CHN,1
Silver,2024-02-08,WANG/ZHANG,Mixte,Tennis,Mixed Doubles,China,CHN,2
Gold,2024-10-08,AHMAN/HELLVIG,H,Beach Volleyball,Men,Sweden,SWE,3
Silver,2024-11-08,Tigst ASSEFA,F,Athletics,Women's Marathon,Ethiopia,ETH,2
Bronze,2024-07-27,Wout van AERT,H,Cycling Road,Men's Individual Time Trial,Belgium,BEL,1
Silver,2024-07-31,Kristof MILAK,H,Swimming,Men's 200m Butterfly,Hungary,HUN,2
Gold,2024-09-08,Kristof RASOVSZKY,H,Marathon Swimming,Men's 10km,Hungary,HUN,3
Bronze,2024-09-08,Jack CARLIN,H,Cycling Track,Men's Sprint,Great Britain,GBR,1
Silver,2024-03-08,Emma TWIGG,F,Rowing,Women's Single Sculls,New Zealand,NZL,2
Bronze,2024-07-28,Carson FOSTER,H,Swimming,Men's 400m Individual Medley,United States,USA,1
Bronze,2024-06-08,OZAKI Nonoka,F,Wrestling,Women's Freestyle 68kg,Japan,JPN,1
Gold,2024-08-08,Rizki JUNIANSYAH,H,Weightlifting,Men's 73kg,Indonesia,INA,3
Bronze,2024-07-28,ZHANG Yufei,F,Swimming,Women's 100m Butterfly,China,CHN,1
Silver,2024-07-28,Haley BATTEN,F,Cycling Mountain Bike,Women's Cross-country,United States,USA,2
Gold,2024-07-29,Christa DEGUCHI,F,Judo,Women -57 kg,Canada,CAN,3
Bronze,2024-07-08,Augusto AKIO,H,Skateboarding,Men's Park,Brazil,BRA,1
Gold,2024-07-29,CHEUNG Ka Long,H,Fencing,Men's Foil Individual,"Hong Kong, China",HKG,3
Silver,2024-10-08,Botswana,H,Athletics,Men's 4 x 400m Relay,Botswana,BOT,2
Bronze,2024-08-08,MORENO/DOMINGUEZ,H,Canoe Sprint,Men's Canoe Double 500m,Spain,ESP,1
Silver,2024-07-08,Artur ALEKSANYAN,H,Wrestling,Men's Greco-Roman 97kg,Armenia,ARM,2
Gold,2024-07-08,Mohammadhadi SARAVI,H,Wrestling,Men's Greco-Roman 97kg,IR Iran,IRI,3
Bronze,2024-08-08,Cindy Winner DJANKEU NGAMBA,F,Boxing,Women's 75kg,EOR,EOR,1
Gold,2024-03-08,Marta MAGGETTI,F,Sailing,Women's Windsurfing,Italy,ITA,3
Silver,2024-07-08,GUO Qing,F,Taekwondo,Women -49kg,China,CHN,2
Gold,2024-05-08,LI Yuehong,H,Shooting,25m Rapid Fire Pistol Men,China,CHN,3
Bronze,2024-08-08,Fabio van den BOSSCHE,H,Cycling Track,Men's Omnium,Belgium,BEL,1
Silver,2024-07-27,Auriane MALLO-BRETON,F,Fencing,Women's Épée Individual,France,FRA,2
Gold,2024-10-08,LIU Huanhua,H,Weightlifting,Men's 102kg,China,CHN,3
Bronze,2024-09-08,HONG Kexin,F,Wrestling,Women's Freestyle 57kg,China,CHN,1
Silver,2024-07-31,Hayden WILDE,H,Triathlon,Men's Individual,New Zealand,NZL,2
Silver,2024-09-08,YANG Liu,F,Boxing,Women's 66kg,China,CHN,2
Gold,2024-08-08,CHANG Yuan,F,Boxing,Women's 54kg,China,CHN,3
Bronze,2024-06-08,Nazym KYZAIBAY,F,Boxing,Women's 50kg,Kazakhstan,KAZ,1
Bronze,2024-04-08,Enmanuel REYES PLA,H,Boxing,Men's 92kg,Spain,ESP,1
Gold,2024-02-08,Ivan LITVINOVICH,H,Trampoline Gymnastics,Men,AIN,AIN,3
Gold,2024-11-08,KAGAMI Yuka,F,Wrestling,Women's Freestyle 76kg,Japan,JPN,3
Silver,2024-07-28,Klaudia ZWOLINSKA,F,Canoe Slalom,Women's Kayak Single,Poland,POL,2
Bronze,2024-03-08,Kaylee McKEOWN,F,Swimming,Women's 200m Individual Medley,Australia,AUS,1
Bronze,2024-10-08,Giorgi MESHVILDISHVILI,H,Wrestling,Men's Freestyle 125kg,Azerbaijan,AZE,1
Gold,2024-09-08,AMI,F,Breaking,B-Girls,Japan,JPN,3
Bronze,2024-07-31,Evy LEIBFARTH,F,Canoe Slalom,Women's Canoe Single,United States,USA,1
Silver,2024-05-08,Tatiana WESTON-WEBB,F,Surfing,Women,Brazil,BRA,2
Silver,2024-03-08,Sha'carri RICHARDSON,F,Athletics,Women's 100m,United States,USA,2
Gold,2024-08-08,Grant HOLLOWAY,H,Athletics,Men's 110m Hurdles,United States,USA,3
Gold,2024-02-08,Chiara LEONE,F,Shooting,50m Rifle 3 Positions Women,Switzerland,SUI,3
Silver,2024-09-08,CSIPES/GAZSO,F,Canoe Sprint,Women's Kayak Double 500m,Hungary,HUN,2
Gold,2024-07-30,United States,F,Artistic Gymnastics,Women's Team,United States,USA,3
Bronze,2024-09-08,Argentina,F,Hockey,Women,Argentina,ARG,1
Gold,2024-02-08,Ireland,H,Rowing,Lightweight Men's Double Sculls,Ireland,IRL,3
Silver,2024-03-08,Canada,F,Rowing,Women's Eight,Canada,CAN,2
Silver,2024-10-08,Great Britain,F,Artistic Swimming,Duet,Great Britain,GBR,2
Bronze,2024-10-08,MOL/SORUM,H,Beach Volleyball,Men,Norway,NOR,1
Gold,2024-09-08,Imane KHELIF,F,Boxing,Women's 66kg,Algeria,ALG,3
Silver,2024-09-08,KALEYN Boryana,F,Rhythmic Gymnastics,Individual All-Around,Bulgaria,BUL,2
Bronze,2024-05-08,Zii Jia LEE,H,Badminton,Men's Singles,Malaysia,MAS,1
Bronze,2024-11-08,SEONG Seungmin,F,Modern Pentathlon,Women's Individual,Korea,KOR,1
Gold,2024-10-08,Solfrid Eila Amena KOANDA,F,Weightlifting,Women's 81kg,Norway,NOR,3
Silver,2024-05-08,Illia KOVTUN,H,Artistic Gymnastics,Men's Parallel Bars,Ukraine,UKR,2
Gold,2024-04-08,KIM Woojin,H,Archery,Men's Individual,Korea,KOR,3
Gold,2024-02-08,Bryony PAGE,F,Trampoline Gymnastics,Women,Great Britain,GBR,3
Bronze,2024-02-08,ZHANG Qiongyue,F,Shooting,50m Rifle 3 Positions Women,China,CHN,1
Gold,2024-11-08,Ellesse ANDREWS,F,Cycling Track,Women's Sprint,New Zealand,NZL,3
Silver,2024-04-08,Meg HARRIS,F,Swimming,Women's 50m Freestyle,Australia,AUS,2
Silver,2024-06-08,Steve GUERDAT,Équipe,Equestrian,Jumping Individual,Switzerland,SUI,2
Bronze,2024-06-08,Maikel van der VLEUTEN,Équipe,Equestrian,Jumping Individual,Netherlands,NED,1
Silver,2024-04-08,Amber Jo RUTTER,F,Shooting,Skeet Women,Great Britain,GBR,2
Silver,2024-07-08,Kenneth ROOKS,H,Athletics,Men's 3000m Steeplechase,United States,USA,2
Bronze,2024-06-08,Aira VILLEGAS,F,Boxing,Women's 50kg,Philippines,PHI,1
Bronze,2024-10-08,Chermen VALIEV,H,Wrestling,Men's Freestyle 74kg,Albania,ALB,1
Gold,2024-02-08,ZHENG/HUANG,Mixte,Badminton,Mixed Doubles,China,CHN,3
Gold,2024-07-08,United States,F,Cycling Track,Women's Team Pursuit,United States,USA,3
Gold,2024-07-30,Italy,F,Fencing,Women's Épée Team,Italy,ITA,3
Silver,2024-03-08,Netherlands,H,Rowing,Men's Eight,Netherlands,NED,2
Gold,2024-07-31,Netherlands,H,Rowing,Men's Quadruple Sculls,Netherlands,NED,3
Bronze,2024-07-31,Poland,H,Rowing,Men's Quadruple Sculls,Poland,POL,1
Bronze,2024-03-08,Great Britain,F,Rowing,Women's Eight,Great Britain,GBR,1
Silver,2024-02-08,Romania,F,Rowing,Lightweight Women's Double Sculls,Romania,ROU,2
Gold,2024-07-31,Lasha BEKAURI,H,Judo,Men -90 kg,Georgia,GEO,3
Bronze,2024-05-08,TANG Chia-Hung,H,Artistic Gymnastics,Men's Horizontal Bar,Chinese Taipei,TPE,1
Bronze,2024-07-27,NAGAYAMA Ryuju,H,Judo,Men -60 kg,Japan,JPN,1
Bronze,2024-09-08,CHANG Yani,F,Diving,Women's 3m Springboard,China,CHN,1
Bronze,2024-09-08,Sarah CHAARI,F,Taekwondo,Women -67kg,Belgium,BEL,1
Gold,2024-09-08,Jordan Alejandro DIAZ FORTUN,H,Athletics,Men's Triple Jump,Spain,ESP,3
Gold,2024-07-29,SHENG Lihao,H,Shooting,10m Air Rifle Men,China,CHN,3
Bronze,2024-06-08,ZHAO Jie,F,Athletics,Women's Hammer Throw,China,CHN,1
Bronze,2024-07-31,HAUGHEY Siobhan Bernadette,F,Swimming,Women's 100m Freestyle,"Hong Kong, China",HKG,1
Gold,2024-08-08,Letsile TEBOGO,H,Athletics,Men's 200m,Botswana,BOT,3
Bronze,2024-08-08,Charlie SENIOR,H,Boxing,Men's 57kg,Australia,AUS,1
Silver,2024-09-08,Maddison KEENEY,F,Diving,Women's 3m Springboard,Australia,AUS,2
Silver,2024-03-08,Grae MORRIS,H,Sailing,Men's Windsurfing,Australia,AUS,2
Gold,2024-04-08,Scottie SCHEFFLER,H,Golf,Men's Individual Stroke Play,United States,USA,3
Bronze,2024-09-08,Alison dos SANTOS,H,Athletics,Men's 400m Hurdles,Brazil,BRA,1
Bronze,2024-03-08,Stephen NEDOROSCIK,H,Artistic Gymnastics,Men's Pommel Horse,United States,USA,1
Silver,2024-05-08,Sam KENDRICKS,H,Athletics,Men's Pole Vault,United States,USA,2
Silver,2024-10-08,Shelby McEWEN,H,Athletics,Men's High Jump,United States,USA,2
Silver,2024-02-08,Manon VEENSTRA,F,Cycling BMX Racing,Women,Netherlands,NED,2
Gold,2024-04-08,LEE/WANG,H,Badminton,Men's Doubles,Chinese Taipei,TPE,3
Silver,2024-09-08,NADAS/TOTKA,H,Canoe Sprint,Men's Kayak Double 500m,Hungary,HUN,2
Bronze,2024-07-08,Great Britain,F,Cycling Track,Women's Team Pursuit,Great Britain,GBR,1
Silver,2024-07-08,New Zealand,F,Cycling Track,Women's Team Pursuit,New Zealand,NZL,2
Gold,2024-02-08,Great Britain,Équipe,Equestrian,Jumping Team,Great Britain,GBR,3
Gold,2024-01-08,United States,H,Rowing,Men's Four,United States,USA,3
Gold,2024-08-08,VADLAU/MAEHR,Mixte,Sailing,Mixed Dinghy,Austria,AUT,3
Silver,2024-04-08,ANDREEVA/SHNAIDER,F,Tennis,Women's Doubles,AIN,AIN,2
Gold,2024-02-08,SINIAKOVA/MACHAC,Mixte,Tennis,Mixed Doubles,Czechia,CZE,3
Bronze,2024-07-30,LIM/SHIN,Mixte,Table Tennis,Mixed Doubles,Korea,KOR,1
Bronze,2024-08-08,Javier IBANEZ DIAZ,H,Boxing,Men's 57kg,Bulgaria,BUL,1
Bronze,2024-07-08,Aleksandra KALUCKA,F,Sport Climbing,Women's Speed,Poland,POL,1
Bronze,2024-07-08,Akzhol MAKHMUDOV,H,Wrestling,Men's Greco-Roman 77kg,Kyrgyzstan,KGZ,1
Bronze,2024-03-08,Lindon VICTOR,H,Athletics,Men's Decathlon,Grenada,GRN,1
Gold,2024-10-08,Josef DOSTAL,H,Canoe Sprint,Men's Kayak Single 1000m,Czechia,CZE,3
Bronze,2024-03-08,Lisa BARBELIN,F,Archery,Women's Individual,France,FRA,1
Silver,2024-10-08,Amir Hossein ZARE,H,Wrestling,Men's Freestyle 125kg,IR Iran,IRI,2
Silver,2024-09-08,Hassan YAZDANICHARATI,H,Wrestling,Men's Freestyle 86kg,IR Iran,IRI,2
Bronze,2024-07-08,Uzur DZHUZUPBEKOV,H,Wrestling,Men's Greco-Roman 97kg,Kyrgyzstan,KGZ,1
Bronze,2024-05-08,Johanne DEFAY,F,Surfing,Women,France,FRA,1
Silver,2024-10-08,Julia SZEREMETA,F,Boxing,Women's 57kg,Poland,POL,2
Bronze,2024-07-08,Gabriel Alejandro ROSILLO KINDELAN,H,Wrestling,Men's Greco-Roman 97kg,Cuba,CUB,1
Gold,2024-03-08,Markus ROOTH,H,Athletics,Men's Decathlon,Norway,NOR,3
Bronze,2024-04-08,Felix LEBRUN,H,Table Tennis,Men's Singles,France,FRA,1
Gold,2024-07-29,BAN Hyojin,F,Shooting,10m Air Rifle Women,Korea,KOR,3
Bronze,2024-08-08,Bozhidar Dimitrov ANDREEV,H,Weightlifting,Men's 73kg,Bulgaria,BUL,1
Gold,2024-09-08,Karlos May NASAR,H,Weightlifting,Men's 89kg,Bulgaria,BUL,3
Silver,2024-07-29,HUH Mimi,F,Judo,Women -57 kg,Korea,KOR,2
Silver,2024-02-08,KIM Minjong,H,Judo,Men +100 kg,Korea,KOR,2
Bronze,2024-07-27,Chloe DYGERT,F,Cycling Road,Women's Individual Time Trial,United States,USA,1
Gold,2024-07-08,Quincy HALL,H,Athletics,Men's 400m,United States,USA,3
Gold,2024-10-08,Katie VINCENT,F,Canoe Sprint,Women's Canoe Single 200m,Canada,CAN,3
Bronze,2024-08-08,Jasmine MOORE,F,Athletics,Women's Long Jump,United States,USA,1
Gold,2024-08-08,Sydney McLAUGHLIN-LEVRONE,F,Athletics,Women's 400m Hurdles,United States,USA,3
Bronze,2024-10-08,Serbia,H,Basketball,Men,Serbia,SRB,1
Silver,2024-07-31,Italy,H,Rowing,Men's Quadruple Sculls,Italy,ITA,2
